user_id,video_id,is_personalized,timestamp,click,watch_percentage,watch_ratio,watch_time_seconds,like,dislike,share,watch_complete
66,164,True,2026-04-24 08:31:33.966489569,1,30.830952701527064,0.30830952701527065,47,0,0,0,0
2,54,False,2026-04-24 08:56:56.038773197,0,1.9924624713654346,0.019924624713654346,3,0,0,0,0
24,135,False,2026-04-24 09:13:41.868301226,0,1.5965916324892193,0.015965916324892193,1,0,0,0,0
70,39,True,2026-04-24 09:40:00.269664072,1,67.96160582064547,0.6796160582064548,95,1,0,0,0
90,0,True,2026-04-24 10:48:07.734941599,1,17.536282454270484,0.17536282454270485,73,0,0,0,0
78,166,False,2026-04-24 12:13:34.368193499,0,4.560299489105038,0.04560299489105038,56,0,0,0,0
58,193,True,2026-04-24 12:45:29.363671603,1,54.71117679655374,0.5471117679655374,358,0,0,0,0
25,190,True,2026-04-24 13:19:54.367391368,1,65.87263971420558,0.6587263971420558,160,0,0,0,0
24,166,False,2026-04-24 14:14:36.858280985,0,3.486572701483647,0.03486572701483647,43,0,0,0,0
34,20,False,2026-04-24 14:42:25.801378185,0,2.6657013180532303,0.026657013180532305,7,0,0,0,0
48,166,False,2026-04-24 15:54:17.914108360,0,3.458728563054503,0.03458728563054503,42,0,0,0,0
71,72,True,2026-04-24 17:07:03.836602176,1,53.18115775471631,0.5318115775471631,379,0,0,0,0
26,10,False,2026-04-24 19:18:00.636761827,0,4.1293171052115945,0.04129317105211594,28,0,0,0,0
93,151,True,2026-04-24 19:51:53.199335899,1,77.48926941976941,0.7748926941976941,183,0,0,0,0
94,170,True,2026-04-24 20:35:14.287749878,1,83.42108437599249,0.8342108437599249,173,1,0,0,0
55,100,False,2026-04-24 20:47:48.168196033,0,3.7529868125366064,0.037529868125366066,8,0,0,0,0
89,164,False,2026-04-24 20:59:03.703506336,1,65.47016106810547,0.6547016106810547,100,0,0,0,0
16,91,True,2026-04-24 21:09:53.503656661,1,22.937735254084398,0.229377352540844,94,0,0,0,0
80,166,False,2026-04-24 22:08:55.839788338,0,0.018032180532307485,0.00018032180532307485,0,0,0,0,0
17,24,True,2026-04-24 22:14:33.120401631,1,24.0964674827765,0.24096467482776499,98,0,1,0,0
52,166,True,2026-04-25 01:03:24.065073374,1,17.895718827556927,0.17895718827556928,221,0,0,0,0
93,164,True,2026-04-25 01:32:09.327337387,1,75.52563846433712,0.7552563846433712,115,0,0,0,0
6,166,False,2026-04-25 01:36:42.405374004,0,3.194388782131003,0.03194388782131003,39,0,0,0,0
64,134,True,2026-04-25 01:38:06.196230844,1,34.31028846088757,0.34310288460887567,435,0,1,1,0
80,113,False,2026-04-25 01:41:26.819197324,0,1.9702975991792862,0.01970297599179286,8,0,0,0,0
32,113,True,2026-04-25 02:12:35.528927008,1,31.997586424497428,0.31997586424497426,132,0,0,0,0
57,39,True,2026-04-25 02:40:14.621882228,1,30.36894556929762,0.3036894556929762,42,0,0,0,0
99,137,True,2026-04-25 02:47:12.822087664,0,0.7711136955981995,0.007711136955981995,0,0,0,0,0
68,78,True,2026-04-25 03:14:11.849407868,1,44.24572578202379,0.4424572578202379,385,0,1,0,0
34,82,True,2026-04-25 03:41:18.023877536,1,18.64805022933438,0.18648050229334381,14,0,1,0,0
55,39,True,2026-04-25 03:42:32.513281136,1,70.82937006067974,0.7082937006067974,99,0,0,0,0
93,99,True,2026-04-25 04:19:25.738242637,1,81.63350934042677,0.8163350934042677,391,1,0,0,0
96,82,True,2026-04-25 04:31:13.292080230,1,87.17289951540872,0.8717289951540872,68,0,0,0,0
79,58,False,2026-04-25 04:56:50.643130614,0,1.9590968661146555,0.019590968661146554,5,0,0,0,0
7,96,True,2026-04-25 05:00:47.978471732,1,64.4251677494198,0.644251677494198,79,1,0,0,0
32,74,False,2026-04-25 07:07:41.716424999,0,2.632777784339261,0.02632777784339261,15,0,0,0,0
34,82,True,2026-04-25 08:15:38.129381106,1,40.37655679457027,0.40376556794570273,31,0,0,0,0
89,143,True,2026-04-25 09:02:24.949348500,1,82.59599300235939,0.8259599300235939,34,0,0,0,0
94,181,True,2026-04-25 10:43:33.709928842,1,26.585125159676743,0.2658512515967674,26,0,1,0,0
27,53,True,2026-04-25 10:52:46.732942504,1,74.09390404425885,0.7409390404425885,2549,0,0,0,0
98,33,True,2026-04-25 11:18:10.650559146,0,1.788385456528871,0.01788385456528871,6,0,0,0,0
24,82,False,2026-04-25 12:01:10.226705110,0,2.1270758022024814,0.021270758022024813,1,0,0,0,0
6,65,False,2026-04-25 12:15:56.944371406,0,2.956669562803742,0.02956669562803742,7,0,0,0,0
55,140,True,2026-04-25 12:33:02.777879980,1,43.48783955620755,0.43487839556207547,30,0,1,0,0
19,5,True,2026-04-25 12:48:46.842094238,1,77.59780416758208,0.7759780416758209,489,0,0,0,0
29,6,True,2026-04-25 14:13:03.270276376,1,79.06404896499788,0.7906404896499788,150,0,0,0,0
94,170,True,2026-04-25 14:48:37.698553030,1,50.07781538836428,0.5007781538836428,104,1,0,0,0
99,62,True,2026-04-25 15:09:03.347614097,1,60.49186871907592,0.6049186871907591,38,0,0,0,0
6,6,True,2026-04-25 15:19:26.211985774,1,78.03221827051007,0.7803221827051008,148,1,0,0,0
31,123,True,2026-04-25 15:49:06.857800489,0,0.3273217607382301,0.003273217607382301,0,0,0,0,0
55,125,False,2026-04-25 17:18:52.672717851,0,0.709425796562072,0.007094257965620721,1,0,0,0,0
58,41,True,2026-04-25 17:19:33.817402648,1,87.0162686899996,0.8701626868999961,562,1,0,0,0
36,27,True,2026-04-25 18:44:45.651388957,1,46.01994576110909,0.46019945761109093,121,0,0,0,0
25,77,False,2026-04-25 18:48:44.456095511,0,2.311679398317234,0.023116793983172342,10,0,0,0,0
15,139,True,2026-04-25 19:02:33.301238829,1,68.8640631925982,0.6886406319259819,983,0,0,0,0
29,40,False,2026-04-25 19:03:10.823120936,0,3.1135019811647004,0.031135019811647003,19,0,0,0,0
59,127,False,2026-04-25 21:01:18.001767238,0,3.076137494828354,0.03076137494828354,2,0,0,0,0
57,6,False,2026-04-25 22:16:37.786664786,0,4.276151816720344,0.042761518167203444,8,0,0,0,0
96,82,False,2026-04-25 23:34:24.209505692,0,3.9557984354503417,0.03955798435450342,3,0,0,0,0
55,165,False,2026-04-26 03:30:50.779725327,0,0.4464053813957469,0.004464053813957469,1,0,0,0,0
36,151,True,2026-04-26 04:50:57.548705397,1,61.31668158377257,0.6131668158377257,145,0,0,0,0
0,108,False,2026-04-26 05:46:53.697917213,0,1.3948271859915047,0.013948271859915047,1,0,0,0,0
65,33,True,2026-04-26 07:41:09.294665322,1,45.72808935336097,0.4572808935336097,166,0,0,0,0
4,33,True,2026-04-26 07:44:10.103947966,1,45.96248583213418,0.45962485832134176,167,0,0,0,0
6,6,True,2026-04-26 07:53:10.695465712,1,57.04801613793178,0.5704801613793178,108,1,0,0,0
47,108,True,2026-04-26 08:42:39.469169309,1,21.54779313473023,0.2154779313473023,16,0,1,0,0
94,181,True,2026-04-26 08:57:00.398900459,1,47.27401423951682,0.47274014239516826,47,0,0,0,0
6,99,True,2026-04-26 11:30:12.204734975,1,53.70978648736412,0.5370978648736412,257,1,0,0,0
32,166,False,2026-04-26 12:13:51.839833952,0,4.583406625401637,0.04583406625401637,56,0,0,0,0
60,140,True,2026-04-26 12:52:36.993645692,1,17.778776643018794,0.17778776643018793,12,0,0,0,0
92,147,True,2026-04-26 13:05:29.972051925,1,54.59453057485126,0.5459453057485126,14,0,0,0,0
32,6,True,2026-04-26 14:54:40.593825725,1,54.97611310629057,0.5497611310629057,104,0,0,0,0
94,59,True,2026-04-26 15:01:17.994801731,1,66.1949062600209,0.661949062600209,251,1,0,0,0
51,81,False,2026-04-26 16:04:06.915800440,0,0.3067377898132301,0.0030673778981323008,0,0,0,0,0
35,1,True,2026-04-26 17:28:24.437374907,1,54.47797547723647,0.5447797547723647,374,0,0,0,0
88,170,True,2026-04-26 18:31:09.312821143,1,77.06305203464863,0.7706305203464864,160,0,0,0,0
89,57,True,2026-04-26 18:33:28.933040528,1,38.06226790220812,0.3806226790220812,167,0,0,0,0
80,23,False,2026-04-26 19:01:27.271803100,0,2.6791391972472116,0.026791391972472114,4,0,0,0,0
80,120,True,2026-04-26 19:13:52.977310060,1,35.81337863030712,0.3581337863030712,79,0,1,0,0
28,95,True,2026-04-26 20:47:19.857811245,1,27.838472252559725,0.27838472252559726,79,0,0,0,0
95,10,True,2026-04-26 21:19:03.078676242,1,73.22854806382169,0.7322854806382169,512,0,0,0,0
6,144,False,2026-04-26 21:38:07.053334203,0,0.6526069971126486,0.006526069971126486,3,0,0,0,0
24,30,False,2026-04-26 21:41:07.245108055,0,3.13182172238329,0.0313182172238329,2,0,0,0,0
15,97,True,2026-04-26 22:08:12.115168929,1,35.911035035489405,0.3591103503548941,101,0,0,0,0
94,170,True,2026-04-26 22:14:49.499565941,1,59.91779387350421,0.5991779387350421,124,0,0,0,0
94,86,True,2026-04-26 22:36:35.605470400,1,72.7224342277713,0.727224342277713,397,0,0,1,0
76,139,True,2026-04-26 22:38:06.153055425,1,82.11298756177138,0.8211298756177138,1172,1,0,0,0
35,120,False,2026-04-26 22:40:45.443658587,0,3.693986449247074,0.03693986449247074,8,0,0,0,0
85,32,False,2026-04-26 22:46:16.088566336,0,2.3677691677361907,0.023677691677361907,26,0,0,0,0
24,8,True,2026-04-27 00:44:36.654710481,1,50.46911380323762,0.5046911380323762,62,0,1,0,0
75,166,False,2026-04-27 00:52:44.102352330,0,1.8269726931154484,0.018269726931154483,22,0,0,0,0
29,90,True,2026-04-27 01:24:53.580221029,1,16.676784679163937,0.16676784679163936,14,0,1,0,0
13,100,True,2026-04-27 01:53:48.676320300,1,61.348971587928084,0.6134897158792808,133,0,0,0,0
93,152,True,2026-04-27 02:15:31.395961249,1,52.82536899275983,0.5282536899275982,91,0,0,0,0
7,135,False,2026-04-27 02:28:16.021631273,0,4.957075231019018,0.049570752310190175,4,0,0,0,0
94,168,True,2026-04-27 02:31:59.428502117,1,76.07544856560071,0.7607544856560071,67,1,0,0,0
68,117,False,2026-04-27 02:58:19.278829597,0,4.895882486000292,0.04895882486000292,11,0,0,0,0
19,10,True,2026-04-27 03:07:19.551533640,1,35.63736623035351,0.35637366230353507,249,0,0,0,0
94,21,True,2026-04-27 03:40:16.328497065,1,26.71118075832368,0.2671118075832368,115,0,0,0,0
81,112,False,2026-04-27 03:40:19.233325018,0,2.4641253794974296,0.024641253794974297,5,0,0,0,0
48,82,False,2026-04-27 03:47:50.978683025,0,1.7449505400707876,0.017449505400707877,1,0,0,0,0
16,170,False,2026-04-27 04:44:35.428715349,0,1.867602091201807,0.01867602091201807,3,0,0,0,0
6,164,True,2026-04-27 05:44:56.756328284,1,44.42210768310747,0.4442210768310747,67,0,0,0,0
70,138,True,2026-04-27 06:06:41.128987823,1,44.9897968878399,0.449897968878399,20,0,1,0,0
67,159,True,2026-04-27 06:31:33.991239388,1,69.1604033013022,0.691604033013022,186,0,0,0,0
93,104,True,2026-04-27 06:34:33.258930766,1,88.02438691737802,0.8802438691737802,863,0,0,0,0
2,99,True,2026-04-27 06:51:04.948595541,1,65.11960015184908,0.6511960015184909,312,1,0,0,0
63,82,True,2026-04-27 06:54:29.231010901,1,44.57995098950356,0.4457995098950356,35,0,0,0,0
99,149,True,2026-04-27 07:45:15.464563395,1,63.13785911612007,0.6313785911612007,89,0,0,0,0
48,137,False,2026-04-27 08:05:29.389884330,0,1.685356810452916,0.01685356810452916,1,0,0,0,0
81,21,True,2026-04-27 09:20:51.959149405,1,62.59339752513642,0.6259339752513642,270,0,0,0,0
0,170,False,2026-04-27 09:27:45.840301179,0,3.528017706821708,0.03528017706821708,7,0,0,0,0
16,1,True,2026-04-27 10:02:54.080409635,1,74.00154285305047,0.7400154285305046,509,0,0,0,0
33,3,True,2026-04-27 11:25:51.042866963,1,51.50369027793234,0.5150369027793235,180,0,0,0,0
15,188,False,2026-04-27 12:11:08.825340505,0,3.514233535884246,0.03514233535884246,15,0,0,0,0
33,109,True,2026-04-27 13:11:45.969884853,1,56.602563706461595,0.566025637064616,169,0,0,0,0
19,147,True,2026-04-27 14:30:10.814362078,1,83.39241320730973,0.8339241320730973,22,0,0,1,0
25,166,False,2026-04-27 15:29:02.696106309,0,4.871498644273159,0.04871498644273159,60,0,0,0,0
92,9,True,2026-04-27 16:42:00.575629493,1,46.436474334644195,0.46436474334644195,12,0,0,0,0
93,166,False,2026-04-27 16:47:24.027506735,0,1.1607444007162482,0.011607444007162482,14,0,0,0,0
94,96,False,2026-04-27 17:04:49.541406081,0,3.2985866131996313,0.03298586613199631,4,0,0,0,0
42,78,True,2026-04-27 17:18:00.504826049,1,52.1337746155342,0.521337746155342,454,0,0,0,0
38,108,True,2026-04-27 17:30:34.926910427,1,63.71710014340386,0.6371710014340386,47,0,0,0,0
22,186,True,2026-04-27 18:06:53.820758246,1,41.86596155623345,0.4186596155623345,112,0,0,0,0
9,90,False,2026-04-27 18:17:01.866176044,0,2.6604028534144857,0.026604028534144855,2,0,0,0,0
19,23,True,2026-04-27 18:24:28.236573489,1,71.4268402532795,0.714268402532795,116,0,0,0,0
13,143,True,2026-04-27 19:16:55.039120388,1,52.88202285149652,0.5288202285149652,22,0,0,1,0
79,139,True,2026-04-27 20:12:09.535443600,1,28.723695623661055,0.28723695623661055,410,0,0,0,0
98,190,True,2026-04-27 20:14:24.861103724,1,71.46945323696015,0.7146945323696015,173,0,0,0,0
94,168,True,2026-04-27 21:09:27.283664767,1,55.89695751178848,0.5589695751178848,49,0,0,0,0
94,21,True,2026-04-27 22:07:23.620121056,1,49.20314988756959,0.49203149887569586,212,0,0,0,0
89,67,True,2026-04-27 22:54:58.868934076,1,81.68300150519889,0.8168300150519889,436,1,0,0,0
94,137,True,2026-04-27 23:38:22.353329255,1,18.847929350779395,0.18847929350779397,17,0,1,0,0
65,109,False,2026-04-28 00:23:41.912785757,0,4.785424087221094,0.04785424087221094,14,0,0,0,0
98,69,True,2026-04-28 00:55:12.956020673,1,51.00566358566988,0.5100566358566988,210,0,1,0,0
35,100,False,2026-04-28 01:02:27.077702368,0,3.3450551236476938,0.03345055123647694,7,0,0,0,0
57,166,False,2026-04-28 02:20:24.712005157,0,4.922080170905333,0.049220801709053325,60,0,0,0,0
29,51,False,2026-04-28 02:33:23.356839242,0,1.8763273552171986,0.018763273552171986,0,0,0,0,0
65,135,True,2026-04-28 03:08:27.989006524,1,45.53288775043075,0.4553288775043075,40,0,0,0,0
35,149,False,2026-04-28 04:25:48.736890090,0,1.9947911352746677,0.019947911352746678,2,0,0,0,0
92,67,False,2026-04-28 04:45:34.440435114,0,4.549648494886081,0.04549648494886081,24,0,0,0,0
94,170,True,2026-04-28 05:33:29.488801371,1,88.51240129982591,0.8851240129982592,184,0,0,0,0
78,133,False,2026-04-28 05:35:57.758474903,0,0.5622020585149285,0.005622020585149285,1,0,0,0,0
52,126,True,2026-04-28 05:45:18.127217335,1,22.17122211440631,0.22171222114406308,89,0,1,0,0
94,170,True,2026-04-28 07:06:11.874508674,1,60.42534923333458,0.6042534923333458,125,0,0,0,0
92,49,True,2026-04-28 07:16:22.716714172,1,42.041893516372284,0.4204189351637228,237,0,0,0,0
52,166,True,2026-04-28 07:24:21.178969983,0,1.6797962409775657,0.016797962409775657,20,0,0,0,0
94,6,False,2026-04-28 07:31:42.111501858,1,81.74891234911509,0.8174891234911509,155,1,0,0,0
6,6,True,2026-04-28 08:20:10.167717983,1,85.914155181192,0.85914155181192,163,0,1,0,0
53,8,True,2026-04-28 09:19:06.401293901,1,49.21164277460491,0.49211642774604913,61,0,0,0,0
94,166,False,2026-04-28 09:32:54.281660864,0,1.7818725814662273,0.017818725814662272,22,0,0,0,0
19,49,True,2026-04-28 10:41:22.802677963,1,59.412999198032146,0.5941299919803215,335,0,1,0,0
55,8,True,2026-04-28 11:06:49.952288030,1,76.69333977321352,0.7669333977321352,95,0,0,0,0
24,76,True,2026-04-28 11:17:23.428641341,1,58.107773711760515,0.5810777371176051,112,0,0,0,0
12,86,True,2026-04-28 11:44:41.387291421,1,44.54806805398905,0.4454806805398905,243,0,0,0,0
74,6,False,2026-04-28 13:52:16.525948065,0,3.054868233979406,0.03054868233979406,5,0,0,0,0
55,196,True,2026-04-28 13:55:12.852150553,1,74.29520140630954,0.7429520140630954,216,0,0,0,0
69,142,True,2026-04-28 15:15:24.159959947,1,76.76278281430189,0.7676278281430189,700,1,0,0,0
67,161,True,2026-04-28 16:55:22.038722465,1,55.029107320282996,0.55029107320283,233,0,0,0,0
6,90,True,2026-04-28 19:39:20.427337022,0,2.310574613508762,0.023105746135087618,2,0,0,0,0
24,78,True,2026-04-28 19:41:21.395686035,1,80.70399683963761,0.8070399683963762,702,0,0,1,0
64,100,True,2026-04-28 19:58:32.764404794,1,46.640631954874166,0.4664063195487417,101,0,1,0,0
29,65,False,2026-04-28 20:11:15.123418321,0,2.656991534981611,0.02656991534981611,7,0,0,0,0
94,59,True,2026-04-28 21:31:16.315006033,1,62.064783261987785,0.6206478326198779,235,0,0,0,0
34,135,True,2026-04-28 22:23:49.308798482,1,56.158369883572924,0.5615836988357292,49,0,0,0,0
26,33,True,2026-04-28 23:06:11.807546310,1,75.41929250364821,0.754192925036482,275,1,0,0,0
94,151,False,2026-04-29 00:26:24.160852106,0,0.36536326126636154,0.0036536326126636156,0,0,0,0,0
94,108,False,2026-04-29 00:42:47.993600724,0,0.36914321096941205,0.0036914321096941207,0,0,0,0,0
76,166,True,2026-04-29 01:10:14.197823442,1,24.611666233851007,0.24611666233851007,304,0,1,0,0
6,166,False,2026-04-29 02:44:42.441632462,0,1.4502535614788759,0.014502535614788759,17,0,0,0,0
6,154,True,2026-04-29 02:55:17.542030969,1,20.89261524931475,0.2089261524931475,441,0,1,0,0
2,60,True,2026-04-29 05:23:02.184284143,1,51.81205290848014,0.5181205290848014,162,0,0,0,0
0,46,True,2026-04-29 05:53:21.326473604,1,46.21416595543602,0.4621416595543602,38,0,0,0,0
94,149,True,2026-04-29 05:54:03.062005890,1,39.523201672211734,0.39523201672211733,55,0,0,0,0
22,151,True,2026-04-29 06:16:47.770934485,1,39.02286776720712,0.39022867767207114,92,0,1,0,0
59,6,False,2026-04-29 09:29:10.417775294,0,1.8484339136854329,0.01848433913685433,3,0,0,0,0
30,6,False,2026-04-29 10:00:09.657239131,0,1.1663295095852162,0.011663295095852162,2,0,0,0,0
94,174,True,2026-04-29 10:28:17.164494355,1,45.05490709483036,0.4505490709483036,77,1,0,0,0
94,92,False,2026-04-29 13:10:11.623096340,0,2.3905347305999842,0.023905347305999844,2,0,0,0,0
93,149,False,2026-04-29 13:10:37.709666218,0,0.45916653927580214,0.004591665392758021,0,0,0,0,0
77,69,True,2026-04-29 13:31:11.892843928,1,36.74422265895122,0.36744222658951226,151,0,1,0,0
25,187,True,2026-04-29 14:22:01.216543027,1,48.98945740246183,0.48989457402461833,143,0,0,0,0
90,137,True,2026-04-29 15:12:11.472084639,1,58.074139007210526,0.5807413900721052,55,0,0,0,0
98,5,True,2026-04-29 17:28:33.957729900,0,1.0271712490734255,0.010271712490734254,6,0,0,0,0
56,167,True,2026-04-29 18:09:03.279113904,1,51.92693170516872,0.5192693170516872,610,0,0,0,0
72,111,True,2026-04-29 18:48:26.490888362,1,61.11712852047456,0.6111712852047456,115,0,0,0,0
89,170,False,2026-04-29 19:47:45.344336222,0,4.612248465918184,0.04612248465918184,9,0,0,0,0
24,129,False,2026-04-29 19:56:46.922059345,0,3.3559306107959084,0.03355930610795908,6,0,0,0,0
59,134,False,2026-04-29 20:21:35.385710419,0,4.771776726624222,0.047717767266242224,60,0,0,0,0
37,135,False,2026-04-29 20:23:27.089263406,0,1.9625215864790535,0.019625215864790536,1,0,0,0,0
6,6,True,2026-04-29 20:42:32.601685250,1,47.96005537767044,0.4796005537767044,91,1,0,0,0
56,185,True,2026-04-29 21:55:54.631887677,1,17.129258967916773,0.17129258967916772,30,0,0,0,0
94,38,True,2026-04-29 21:57:17.567828682,1,49.7919277824889,0.497919277824889,79,0,0,0,0
16,82,False,2026-04-29 22:21:04.478402246,0,4.90519313340606,0.0490519313340606,3,0,0,0,0
6,6,True,2026-04-29 23:14:46.178932150,1,60.55085161603188,0.6055085161603188,115,1,0,0,0
19,12,False,2026-04-29 23:35:58.587312678,0,2.7923596083634417,0.027923596083634417,1,0,0,0,0
25,194,True,2026-04-30 00:16:01.024141563,1,76.18318241402024,0.7618318241402023,131,0,0,0,0
94,181,True,2026-04-30 03:20:14.994629352,0,2.9467428825274222,0.029467428825274224,2,0,0,0,0
90,82,False,2026-04-30 04:29:38.169179128,0,0.9326091488343836,0.009326091488343836,0,0,0,0,0
99,10,True,2026-04-30 05:44:54.390939639,1,34.93133792582586,0.34931337925825856,244,0,0,0,0
94,170,True,2026-04-30 07:51:55.727227160,1,78.70045748635067,0.7870045748635067,163,0,0,0,0
99,6,False,2026-04-30 08:18:43.659421985,0,2.1716942582414593,0.021716942582414592,4,0,0,0,0
94,181,True,2026-04-30 08:51:30.786496306,1,26.837750164025287,0.26837750164025287,27,0,1,0,0
5,170,True,2026-04-30 08:57:06.868582484,1,74.22009500352503,0.7422009500352503,154,0,0,0,0
24,138,True,2026-04-30 08:57:22.453270801,1,35.00408636854267,0.35004086368542675,16,0,0,0,0
96,6,False,2026-04-30 09:20:16.457187108,0,2.686977126166824,0.026869771261668236,5,0,0,0,0
79,22,True,2026-04-30 09:47:44.990389685,1,27.50230098043765,0.2750230098043765,28,0,1,0,0
89,43,True,2026-04-30 09:49:26.643940541,1,36.989673249068325,0.3698967324906832,247,0,1,0,0
25,6,False,2026-04-30 10:54:23.840089375,0,4.644171493768963,0.04644171493768963,8,0,0,0,0
70,166,False,2026-04-30 11:22:58.855026904,0,0.7377881998867108,0.007377881998867109,9,0,0,0,0
85,90,False,2026-04-30 12:45:27.349839002,0,2.384738830947674,0.023847388309476737,2,0,0,0,0
19,184,False,2026-04-30 13:16:13.970868642,0,3.6720254225249307,0.036720254225249306,72,0,0,0,0
94,117,True,2026-04-30 13:21:14.371905853,1,24.33869599247032,0.2433869599247032,55,1,0,0,0
73,10,True,2026-04-30 13:58:57.947852026,1,69.28251127959048,0.6928251127959048,484,0,1,0,0
67,6,True,2026-04-30 14:20:51.304838677,1,47.21757081701355,0.47217570817013554,89,1,0,0,0
39,106,True,2026-04-30 14:52:30.159884328,1,55.24867445811653,0.5524867445811653,16,0,0,0,0
55,138,True,2026-04-30 15:26:16.324547438,1,50.98223180385331,0.5098223180385331,23,0,1,0,0
42,166,False,2026-04-30 15:32:24.747781072,0,4.693979548764288,0.04693979548764288,58,0,0,0,0
52,28,True,2026-04-30 15:34:37.710513007,1,58.494006212452156,0.5849400621245215,87,0,0,0,0
92,147,True,2026-04-30 15:39:59.163857619,1,83.14525798546198,0.8314525798546198,22,1,0,0,0
35,82,True,2026-04-30 16:08:33.586415372,1,72.1074529559418,0.721074529559418,56,0,0,0,0
93,60,True,2026-04-30 16:47:43.158185274,1,71.84975489190012,0.7184975489190012,225,1,0,1,0
93,162,False,2026-04-30 17:31:29.214437695,0,2.4738842173683113,0.024738842173683114,44,0,0,0,0
93,166,False,2026-04-30 17:48:46.517772568,0,0.10007346586466404,0.0010007346586466404,1,0,0,0,0
35,6,False,2026-04-30 19:48:01.863573482,0,3.9040382387490364,0.039040382387490365,7,0,0,0,0
6,6,True,2026-04-30 22:06:45.452480503,1,65.63472015276253,0.6563472015276253,124,1,0,0,0
13,37,True,2026-04-30 22:13:14.464942216,1,88.29911563239298,0.8829911563239298,137,0,0,0,0
6,164,True,2026-04-30 22:28:04.287620849,1,32.48870260273182,0.3248870260273182,49,0,0,0,0
6,99,True,2026-04-30 22:57:28.722070310,1,58.93504232110855,0.5893504232110854,282,1,0,1,0
6,93,True,2026-05-01 00:03:53.842094573,1,57.66639119476341,0.5766639119476341,119,0,0,0,0
99,88,True,2026-05-01 00:05:43.239068110,1,9.476734675930635,0.09476734675930634,68,0,1,0,0
80,120,True,2026-05-01 00:40:48.475329392,1,35.7589011650934,0.357589011650934,79,0,0,0,0
81,59,True,2026-05-01 01:18:50.755623784,1,72.55910151053322,0.7255910151053323,275,0,0,0,0
30,97,False,2026-05-01 01:22:08.932944201,0,3.362007743982053,0.03362007743982053,9,0,0,0,0
73,65,True,2026-05-01 01:41:12.062715526,1,33.27053428161072,0.3327053428161072,89,0,1,0,0
29,109,True,2026-05-01 02:28:07.292854876,1,28.529403519245218,0.28529403519245217,85,0,1,0,0
32,6,True,2026-05-01 02:53:48.882366236,1,66.55655959067181,0.6655655959067182,126,0,0,0,0
10,91,True,2026-05-01 03:54:32.052143234,1,28.667966206000617,0.28667966206000617,117,0,0,0,0
31,197,True,2026-05-01 04:42:17.162879183,1,26.915657743841887,0.26915657743841886,47,0,1,0,0
33,81,True,2026-05-01 04:58:12.577364707,1,62.55170618177609,0.6255170618177609,117,0,0,0,0
46,18,True,2026-05-01 05:23:13.145491881,1,85.80511951807051,0.8580511951807052,86,0,0,0,0
77,187,True,2026-05-01 07:41:09.200231634,1,48.95545286791392,0.4895545286791392,142,0,0,0,0
6,6,True,2026-05-01 07:44:00.109795522,1,63.318119144314934,0.6331811914431493,120,0,0,0,0
40,38,True,2026-05-01 07:53:46.349878346,1,61.764726451133555,0.6176472645113356,98,0,0,0,0
50,39,True,2026-05-01 08:40:22.210856062,1,66.07765262560414,0.6607765262560414,92,0,0,0,0
30,137,True,2026-05-01 09:58:57.646249210,1,15.271315238346784,0.15271315238346783,14,0,0,0,0
88,118,False,2026-05-01 09:59:26.933697634,0,0.8321009276122627,0.008321009276122627,3,0,0,0,0
90,129,True,2026-05-01 10:50:25.513423739,0,1.7426589105734507,0.017426589105734507,3,0,0,0,0
24,149,False,2026-05-01 11:09:39.489750140,0,2.6112526217838252,0.02611252621783825,3,0,0,0,0
15,74,False,2026-05-01 12:10:23.101175150,0,2.764982913444608,0.02764982913444608,15,0,0,0,0
33,32,False,2026-05-01 12:54:18.254520990,0,1.3431577580957144,0.013431577580957144,14,0,0,0,0
99,193,True,2026-05-01 12:59:16.047072208,1,43.0812508214888,0.430812508214888,282,0,0,0,0
94,170,True,2026-05-01 14:14:45.227265725,1,84.29775328577213,0.8429775328577213,175,0,0,0,0
52,173,True,2026-05-01 15:41:17.452126149,1,38.12643349926852,0.3812643349926852,8,0,0,0,0
91,91,True,2026-05-01 17:28:44.878627968,1,38.370484825441444,0.3837048482544145,157,0,0,0,0
15,111,True,2026-05-01 17:45:40.498848469,1,41.43455985463771,0.4143455985463771,78,0,0,0,0
33,151,True,2026-05-01 18:30:05.813748751,1,40.32321793130815,0.4032321793130815,95,0,0,0,0
97,112,True,2026-05-01 18:40:43.438803202,1,49.933741171282634,0.4993374117128263,104,0,0,0,0
89,166,False,2026-05-01 19:41:17.068271420,0,0.10374436870189464,0.0010374436870189464,1,0,0,0,0
45,166,False,2026-05-01 20:14:53.601938073,0,2.352038097334048,0.023520380973340478,29,0,0,0,0
92,145,True,2026-05-01 20:15:07.448659260,1,46.28338116084445,0.4628338116084445,27,0,0,0,0
55,17,True,2026-05-01 21:03:52.378483066,1,64.86244114413073,0.6486244114413072,174,1,0,0,0
94,149,True,2026-05-01 21:03:59.327951497,1,38.48066820881048,0.38480668208810476,54,0,0,0,0
96,135,True,2026-05-01 22:30:12.172018489,1,80.58054165499765,0.8058054165499765,71,0,0,0,0
58,177,False,2026-05-01 22:46:50.364757611,0,4.6299576695992775,0.04629957669599277,20,0,0,0,0
21,63,False,2026-05-02 00:48:46.910078121,0,4.0818509455667025,0.04081850945566702,65,0,0,0,0
94,86,True,2026-05-02 01:28:22.854245689,1,70.7522295753943,0.707522295753943,386,0,0,0,0
42,8,True,2026-05-02 01:45:22.541994520,1,72.80675986999306,0.7280675986999307,90,1,0,0,0
60,81,False,2026-05-02 02:01:39.807309984,0,1.7085118955459913,0.017085118955459912,3,0,0,0,0
19,141,True,2026-05-02 02:16:32.785561337,0,1.0889550000618964,0.010889550000618965,1,0,0,0,0
94,66,True,2026-05-02 03:25:35.605056230,1,80.44546547158978,0.8044546547158978,179,0,0,0,0
74,60,True,2026-05-02 03:42:27.882861557,0,2.691092168661473,0.02691092168661473,8,0,0,0,0
6,90,True,2026-05-02 04:07:43.380596965,1,35.39325324024608,0.3539325324024608,31,0,0,0,0
94,170,True,2026-05-02 05:10:48.531965585,1,65.98408090877629,0.659840809087763,137,0,0,0,0
94,54,False,2026-05-02 07:44:40.664685027,0,1.6910495499486724,0.016910495499486724,3,0,0,0,0
94,170,True,2026-05-02 10:13:03.341836844,1,47.95366741049915,0.4795366741049915,99,1,0,0,0
29,6,True,2026-05-02 10:16:32.047461747,1,64.61882238989287,0.6461882238989287,122,1,0,0,0
16,177,True,2026-05-02 11:44:05.207727171,1,50.612275154825724,0.5061227515482573,221,0,0,0,0
80,199,False,2026-05-02 11:52:30.704003440,0,4.146637300310485,0.04146637300310485,9,0,0,0,0
72,41,True,2026-05-02 12:30:16.766524229,1,68.58400737195315,0.6858400737195315,443,1,0,0,0
99,149,True,2026-05-02 12:35:07.340117190,1,30.48629445309683,0.3048629445309683,42,0,1,0,0
21,140,True,2026-05-02 13:05:21.258715545,1,7.325654792835438,0.07325654792835438,5,0,1,0,0
94,137,True,2026-05-02 14:29:36.861471040,1,25.194361506601904,0.25194361506601903,23,0,0,0,0
96,197,False,2026-05-02 15:02:15.374128384,0,3.4791161551190926,0.03479116155119093,6,0,0,0,0
58,158,True,2026-05-02 18:56:05.193244527,1,22.505606822327405,0.22505606822327404,15,0,1,0,0
60,14,False,2026-05-02 19:49:54.704704500,0,1.140612016601641,0.01140612016601641,2,0,0,0,0
83,166,True,2026-05-02 20:20:04.028716008,1,44.9242286474952,0.44924228647495196,555,0,0,0,0
80,4,True,2026-05-02 20:21:17.052042832,1,63.751824674433266,0.6375182467443327,118,0,0,1,0
54,91,True,2026-05-02 21:06:53.338092206,1,44.64520655843621,0.44645206558436207,183,0,0,0,0
52,166,True,2026-05-02 21:13:00.559642068,1,45.78173364423592,0.4578173364423592,566,0,0,0,0
24,152,False,2026-05-02 22:07:45.902979136,0,4.986830907748519,0.04986830907748519,8,0,0,0,0
12,38,True,2026-05-02 22:38:52.074477881,1,28.533540623829897,0.28533540623829895,45,0,0,0,0
94,170,True,2026-05-02 22:43:01.835542248,1,57.60199446419154,0.5760199446419154,119,0,0,0,0
17,100,True,2026-05-02 23:45:09.314101491,1,73.81515637424006,0.7381515637424007,160,0,0,0,0
20,86,True,2026-05-02 23:59:21.036607534,1,43.98167270517625,0.4398167270517625,240,0,1,0,0
58,23,True,2026-05-03 00:15:00.902442665,1,58.73725319485273,0.5873725319485272,95,0,0,0,0
80,166,False,2026-05-03 00:21:28.327456572,0,4.411265616712988,0.04411265616712987,54,0,0,0,0
99,108,True,2026-05-03 00:35:46.884647281,1,27.088599733113135,0.27088599733113133,20,0,1,0,0
93,60,True,2026-05-03 00:45:16.677087013,1,43.601655948934074,0.4360165594893407,136,0,0,0,0
24,39,True,2026-05-03 01:25:24.593063698,1,71.05305059048035,0.7105305059048035,99,0,0,0,0
6,59,False,2026-05-03 01:43:26.312063513,0,4.073272252970253,0.04073272252970253,15,0,0,0,0
6,170,False,2026-05-03 02:20:29.384430964,0,2.4019854410116013,0.02401985441011601,4,0,0,0,0
52,190,False,2026-05-03 02:21:02.899612050,0,3.2207535451698597,0.0322075354516986,7,0,0,0,0
52,166,True,2026-05-03 03:08:54.416255204,1,38.842836977733675,0.38842836977733675,480,0,1,0,0
80,74,True,2026-05-03 03:11:04.856095898,1,98.06076308789376,0.9806076308789377,561,1,0,0,1
93,11,True,2026-05-03 04:39:28.557918137,1,87.59003398728763,0.8759003398728763,91,0,0,0,0
94,180,False,2026-05-03 05:46:28.145392578,0,1.8568150949003448,0.018568150949003447,17,0,0,0,0
94,69,False,2026-05-03 06:21:26.326567304,0,1.4428313961001322,0.014428313961001322,5,0,0,0,0
6,6,True,2026-05-03 07:31:55.974704683,1,98.92297840648084,0.9892297840648083,187,1,0,1,1
93,151,True,2026-05-03 11:04:12.042073432,1,79.47041831677849,0.7947041831677849,188,0,0,0,0
77,69,True,2026-05-03 13:13:38.719829639,1,28.463294124027467,0.28463294124027466,117,0,1,0,0
94,174,False,2026-05-03 13:22:06.485102117,0,3.2640901182697015,0.03264090118269702,5,0,0,0,0
64,100,True,2026-05-03 14:39:16.587104535,1,91.96192393486086,0.9196192393486086,200,1,0,0,1
89,57,True,2026-05-03 14:47:19.546605331,1,77.22699145740073,0.7722699145740073,340,0,0,0,0
96,82,True,2026-05-03 15:16:02.085553320,1,61.26375919274879,0.6126375919274879,48,0,0,0,0
73,186,True,2026-05-03 15:52:50.265901582,1,44.548847419888155,0.44548847419888155,119,0,0,0,0
45,99,True,2026-05-03 16:16:46.018389837,1,61.21212695706744,0.6121212695706744,293,0,0,0,0
8,91,False,2026-05-03 16:58:26.898949669,1,21.65934307183117,0.2165934307183117,88,0,0,0,0
55,138,True,2026-05-03 18:41:28.025965172,1,56.86913751368293,0.5686913751368293,26,0,0,0,0
99,3,False,2026-05-03 18:49:27.961213828,0,1.6759156460938431,0.01675915646093843,5,0,0,0,0
8,95,False,2026-05-03 19:09:56.426149235,0,0.8018295495245371,0.00801829549524537,2,0,0,0,0
33,0,True,2026-05-03 19:23:06.110180104,0,4.471413593418391,0.04471413593418391,18,0,0,0,0
6,99,True,2026-05-03 19:39:48.139109449,1,87.99365222283969,0.8799365222283968,422,1,0,0,0
94,166,False,2026-05-03 21:26:48.789867185,0,3.9470397616969493,0.039470397616969494,48,0,0,0,0
32,57,True,2026-05-03 22:22:44.176600893,1,69.64375523653747,0.6964375523653747,307,1,0,0,0
6,166,False,2026-05-03 23:55:01.452194520,0,1.4295878793110652,0.014295878793110652,17,0,0,0,0
89,34,True,2026-05-04 01:15:10.493399188,1,46.640761754134694,0.46640761754134696,80,0,0,0,0
65,197,True,2026-05-04 01:28:33.143483510,1,78.71065716099203,0.7871065716099203,137,0,0,0,0
77,156,True,2026-05-04 02:11:54.241103486,1,34.69059507591264,0.3469059507591264,45,0,0,0,0
94,109,False,2026-05-04 02:56:51.168248009,0,0.9535800511489745,0.009535800511489745,2,0,0,0,0
94,136,True,2026-05-04 03:03:22.094777479,1,83.30342896420699,0.8330342896420698,104,0,0,0,0
40,10,False,2026-05-04 03:49:39.500276819,0,2.351650441523836,0.02351650441523836,16,0,0,0,0
75,31,True,2026-05-04 04:34:34.703164372,1,77.66882729576,0.7766882729576,83,0,0,0,0
99,120,False,2026-05-04 05:14:49.116421178,0,4.555327646369353,0.04555327646369353,10,0,0,0,0
76,83,False,2026-05-04 07:18:49.182364007,0,2.1592643286901843,0.021592643286901844,4,0,0,0,0
15,63,False,2026-05-04 07:34:48.023459457,0,1.7493654535007699,0.0174936545350077,28,0,0,0,0
32,6,True,2026-05-04 07:52:27.062697028,1,81.42494092550415,0.8142494092550415,154,1,0,0,0
45,6,False,2026-05-04 08:10:29.120974472,0,0.43612069420861377,0.004361206942086138,0,0,0,0,0
94,7,False,2026-05-04 08:21:18.712907924,0,0.6208987741475969,0.006208987741475969,5,0,0,0,0
18,29,False,2026-05-04 09:13:56.581939277,0,1.0142039704034012,0.010142039704034012,3,0,0,0,0
99,88,True,2026-05-04 09:24:02.786218029,1,36.438397662980265,0.36438397662980265,262,0,0,0,0
64,166,False,2026-05-04 09:41:36.571443693,0,3.9502765286877546,0.039502765286877545,48,0,0,0,0
93,78,False,2026-05-04 09:58:48.402240616,0,1.937399467586485,0.01937399467586485,16,0,0,0,0
16,34,True,2026-05-04 11:07:02.588228431,1,40.320129755904944,0.40320129755904943,69,0,1,0,0
25,190,True,2026-05-04 11:24:30.664241602,1,64.23926863631407,0.6423926863631406,156,0,0,0,0
90,62,True,2026-05-04 11:35:49.275630542,0,4.854701418364759,0.04854701418364759,3,0,0,0,0
10,170,False,2026-05-04 12:09:49.249796656,1,87.00743408318534,0.8700743408318534,180,0,0,0,0
44,115,True,2026-05-04 12:42:02.699837780,1,71.71391499080687,0.7171391499080687,45,0,0,0,0
9,14,True,2026-05-04 13:07:17.793563945,1,66.23034259271611,0.6623034259271612,127,0,1,0,0
2,11,True,2026-05-04 14:10:43.168055081,1,62.83603676758368,0.6283603676758368,65,0,0,0,0
80,4,True,2026-05-04 14:20:40.443468100,1,36.17879294263899,0.36178792942638993,67,0,0,0,0
3,21,False,2026-05-04 16:35:02.887578582,0,0.16289191196087238,0.001628919119608724,0,0,0,0,0
44,18,True,2026-05-04 16:37:34.061947478,1,64.82516674774182,0.6482516674774181,65,0,0,0,0
69,131,True,2026-05-04 17:28:18.620810500,1,77.58207472344252,0.7758207472344252,73,0,0,1,0
99,81,True,2026-05-04 19:47:06.664529566,1,20.717530355992075,0.20717530355992075,38,0,1,0,0
6,11,True,2026-05-04 20:18:02.269002879,1,77.68395308656673,0.7768395308656673,81,0,0,0,0
94,168,True,2026-05-04 21:10:09.133347843,1,89.71331501884603,0.8971331501884603,79,1,0,0,0
13,144,False,2026-05-04 21:39:07.789712802,0,0.17246914434296937,0.0017246914434296936,0,0,0,0,0
30,108,True,2026-05-04 21:52:25.029349956,1,52.527220382554276,0.5252722038255427,39,0,1,0,0
26,34,True,2026-05-04 22:00:38.741119634,1,32.75294521074964,0.32752945210749634,56,0,0,0,0
5,170,True,2026-05-04 22:39:28.599519565,1,71.45412083944277,0.7145412083944277,148,0,0,0,0
6,144,True,2026-05-05 01:23:24.260160808,1,56.10845936087448,0.5610845936087447,292,0,0,0,0
49,108,True,2026-05-05 03:49:20.522861728,1,27.495138282727748,0.2749513828272775,20,0,0,0,0
6,6,True,2026-05-05 04:39:13.205581124,1,35.90200506522237,0.3590200506522237,68,0,0,0,0
87,152,True,2026-05-05 05:17:07.501149775,1,59.71236599747034,0.5971236599747034,103,1,0,0,0
94,137,True,2026-05-05 08:40:17.014813241,1,15.499790762121556,0.15499790762121557,14,0,1,0,0
94,170,True,2026-05-05 09:06:04.591040416,1,77.60803977321329,0.7760803977321329,161,0,0,0,0
26,69,True,2026-05-05 09:29:46.057678992,1,35.388324377203446,0.35388324377203445,146,0,1,0,0
2,60,True,2026-05-05 09:34:50.877480155,1,50.15509537243928,0.5015509537243927,157,0,0,0,0
19,69,False,2026-05-05 09:38:56.145654078,0,4.564303558289751,0.04564303558289751,18,0,0,0,0
26,81,True,2026-05-05 09:39:19.704623103,1,38.87783356947368,0.3887783356947368,73,0,0,0,0
7,173,True,2026-05-05 10:58:05.888795557,1,34.32901328121874,0.3432901328121874,7,0,1,0,0
78,155,True,2026-05-05 11:19:36.462055232,0,2.0085476670667,0.020085476670667003,9,0,0,0,0
9,14,True,2026-05-05 11:42:05.033708489,1,23.93139281607549,0.23931392816075492,45,0,0,0,0
94,59,True,2026-05-05 12:00:41.199632564,1,75.96655301795326,0.7596655301795325,288,1,0,0,0
94,106,True,2026-05-05 12:20:31.632584222,1,25.45325590555196,0.2545325590555196,7,0,1,0,0
34,82,True,2026-05-05 12:46:49.446619938,1,84.73710635360291,0.8473710635360291,66,0,0,0,0
60,88,False,2026-05-05 13:00:12.488194194,0,1.2612970524378553,0.012612970524378554,9,0,0,0,0
39,104,True,2026-05-05 13:38:51.102336894,1,36.79669992403587,0.3679669992403587,360,0,0,0,0
77,188,True,2026-05-05 13:46:25.119886736,1,16.441348643723806,0.16441348643723805,73,0,0,0,0
60,39,True,2026-05-05 14:27:09.168162465,1,54.866267544415635,0.5486626754441564,76,0,0,0,0
19,10,True,2026-05-05 16:41:46.530800640,1,80.6084116413968,0.806084116413968,564,0,0,0,0
84,90,True,2026-05-05 17:36:56.550566724,1,60.95594717666331,0.609559471766633,53,0,0,0,0
80,184,True,2026-05-05 18:42:26.019617650,0,1.7811575438042078,0.017811575438042078,34,0,0,0,0
94,108,True,2026-05-05 18:57:13.543997013,1,59.13785809540819,0.5913785809540819,44,0,0,0,0
5,66,True,2026-05-05 20:20:02.177320055,1,58.74105064650143,0.5874105064650142,130,0,0,0,0
92,166,False,2026-05-05 23:11:09.709834867,0,2.698236463085949,0.02698236463085949,33,0,0,0,0
97,177,True,2026-05-05 23:58:28.742246316,1,45.209470606465736,0.45209470606465735,197,0,0,0,0
55,73,True,2026-05-06 01:36:59.707995684,1,30.674015082442107,0.3067401508244211,41,0,1,0,0
16,125,True,2026-05-06 02:39:41.580525991,1,22.28262987637632,0.2228262987637632,47,0,1,0,0
94,22,True,2026-05-06 02:48:15.054314241,0,4.917953959921658,0.04917953959921659,5,0,0,0,0
81,168,True,2026-05-06 03:59:40.826727121,1,57.710736568153656,0.5771073656815365,51,0,0,0,0
4,113,True,2026-05-06 04:00:27.317199729,0,3.5399025069154386,0.035399025069154384,14,0,0,0,0
94,180,True,2026-05-06 04:38:55.938329444,1,18.758971266051468,0.1875897126605147,175,0,0,0,0
99,81,True,2026-05-06 04:39:17.911702586,1,32.04660045323782,0.3204660045323782,60,0,1,0,0
99,129,True,2026-05-06 04:52:35.225571690,0,1.9372080867761738,0.019372080867761737,3,0,0,0,0
20,21,True,2026-05-06 05:46:29.722972736,1,41.80368292591828,0.4180368292591828,180,0,0,0,0
38,14,True,2026-05-06 06:15:29.695513210,1,58.29797491827716,0.5829797491827716,111,0,0,0,0
6,93,True,2026-05-06 07:31:12.714910336,1,30.16614265925664,0.3016614265925664,62,0,0,0,0
94,181,True,2026-05-06 08:10:18.143382166,0,0.4227286130620389,0.004227286130620389,0,0,0,0,0
92,186,False,2026-05-06 10:22:30.325913074,0,0.2212213450890416,0.002212213450890416,0,0,0,0,0
86,62,True,2026-05-06 10:29:39.478432265,0,2.3305726246973792,0.02330572624697379,1,0,0,0,0
90,3,True,2026-05-06 11:33:57.584011728,1,47.71588287251841,0.47715882872518406,167,0,0,0,0
6,6,True,2026-05-06 11:53:15.392329477,1,37.93957471250578,0.3793957471250578,72,0,0,0,0
41,4,False,2026-05-06 12:54:09.078395805,0,3.319980087298039,0.03319980087298039,6,0,0,0,0
99,129,False,2026-05-06 13:30:22.192963142,1,48.41929451503045,0.4841929451503045,93,0,0,0,0
6,46,False,2026-05-06 13:32:37.556668253,0,1.0072006496118315,0.010072006496118315,0,0,0,0,0
92,177,True,2026-05-06 15:22:24.113465428,1,80.58750907712523,0.8058750907712523,352,0,0,0,0
77,190,True,2026-05-06 15:29:58.776439271,1,38.76006820469401,0.3876006820469401,94,0,0,0,0
94,114,True,2026-05-06 16:00:24.214035798,1,34.740108948349416,0.3474010894834942,195,0,0,0,0
24,138,True,2026-05-06 16:59:09.629792234,0,1.0715017469236727,0.010715017469236726,0,0,0,0,0
94,21,True,2026-05-06 17:19:43.464677695,1,50.42579977860191,0.5042579977860191,217,1,0,0,0
90,0,True,2026-05-06 17:55:38.852307931,1,6.200397374738854,0.06200397374738854,26,0,1,0,0
25,54,True,2026-05-06 18:14:28.545874857,1,49.73147515189335,0.4973147515189335,98,0,1,0,0
94,108,True,2026-05-06 18:59:07.809705107,1,19.803832162185316,0.19803832162185314,14,0,1,0,0
66,96,True,2026-05-06 19:19:29.240171166,1,94.60767639595412,0.9460767639595411,117,1,0,1,1
72,139,True,2026-05-06 19:53:15.361366755,1,20.206630873647285,0.20206630873647285,288,0,0,0,0
15,69,False,2026-05-06 20:39:17.860926648,0,1.7765180050061498,0.0177651800500615,7,0,0,0,0
50,17,True,2026-05-06 20:52:41.632762906,0,3.328843219060207,0.03328843219060207,8,0,0,0,0
21,99,True,2026-05-06 21:01:15.113568892,1,65.03634083213403,0.6503634083213403,312,0,0,0,0
52,166,True,2026-05-06 21:27:19.196051788,0,0.0636947166860752,0.0006369471668607519,0,0,0,0,0
25,188,True,2026-05-06 22:21:31.945980167,1,69.81486237452927,0.6981486237452927,313,0,0,0,0
52,166,True,2026-05-06 22:34:23.232912951,1,20.38557572338474,0.2038557572338474,252,0,1,0,0
24,4,False,2026-05-06 23:49:23.554110123,0,0.7605820150441989,0.007605820150441989,1,0,0,0,0
7,166,True,2026-05-07 00:45:53.209672418,1,41.23530178364871,0.4123530178364871,510,0,1,0,0
83,69,False,2026-05-07 00:55:13.246689826,0,4.958990350228831,0.04958990350228831,20,0,0,0,0
94,38,True,2026-05-07 01:29:02.338125460,1,26.865227972231576,0.26865227972231576,42,1,0,0,0
27,19,True,2026-05-07 02:10:34.185312139,1,60.631104107262324,0.6063110410726232,197,0,0,0,0
35,179,True,2026-05-07 02:40:38.355815884,1,72.33964332337727,0.7233964332337727,79,0,0,0,0
24,151,False,2026-05-07 03:14:28.073579288,0,0.0817333261809633,0.000817333261809633,0,0,0,0,0
55,115,False,2026-05-07 03:27:11.076139638,0,3.9544447159297627,0.03954444715929763,2,0,0,0,0
75,120,False,2026-05-07 03:51:09.064280735,0,0.6351038489314392,0.006351038489314393,1,0,0,0,0
26,158,True,2026-05-07 05:04:54.105927870,1,33.263491830354866,0.3326349183035487,22,1,0,0,0
64,100,True,2026-05-07 07:57:49.634339347,1,65.9330813799577,0.6593308137995769,143,0,0,0,0
93,151,True,2026-05-07 08:05:02.199653796,1,61.89614805952426,0.6189614805952426,146,0,0,0,0
6,104,True,2026-05-07 08:56:39.646014158,1,58.050270394653104,0.580502703946531,569,0,0,0,0
53,198,True,2026-05-07 09:24:41.546779326,1,46.63823410638409,0.4663823410638409,822,0,0,0,0
27,193,True,2026-05-07 09:53:25.347302151,1,65.90827322958056,0.6590827322958056,432,0,0,0,0
78,142,True,2026-05-07 10:19:24.849989509,1,88.49020564821879,0.8849020564821879,807,0,0,0,0
80,120,True,2026-05-07 10:51:35.256976824,1,60.57959203839465,0.6057959203839465,135,0,0,0,0
6,166,False,2026-05-07 11:26:55.320697936,0,1.5921568303865496,0.015921568303865496,19,0,0,0,0
96,82,True,2026-05-07 12:02:23.805287548,1,19.611500321341822,0.19611500321341824,15,0,0,0,0
81,170,False,2026-05-07 15:07:26.841452735,0,0.6890149384063394,0.006890149384063394,1,0,0,0,0
94,110,True,2026-05-07 15:39:45.166609626,1,58.278759276113504,0.582787592761135,189,0,0,0,0
33,22,False,2026-05-07 15:49:33.259744199,0,4.870872543293484,0.04870872543293484,4,0,0,0,0
16,180,False,2026-05-07 20:23:30.272330480,0,2.1835329284474616,0.021835329284474615,20,0,0,0,0
68,166,False,2026-05-07 20:39:59.160521824,0,3.6908429284830917,0.036908429284830915,45,0,0,0,0
62,4,False,2026-05-07 20:51:13.649122384,0,4.722423875467248,0.04722423875467248,8,0,0,0,0
89,74,False,2026-05-07 22:38:56.592627477,0,3.9530309915303734,0.039530309915303735,22,0,0,0,0
13,19,True,2026-05-07 22:56:16.651417049,1,50.94260260579865,0.5094260260579865,166,0,0,0,0
63,135,True,2026-05-08 00:09:08.841662743,1,54.65342040177039,0.5465342040177039,48,0,0,0,0
55,39,True,2026-05-08 00:55:47.555608471,1,38.982926631303485,0.3898292663130349,54,0,0,0,0
65,99,False,2026-05-08 01:41:27.852650611,1,92.32911061393327,0.9232911061393327,443,1,0,0,1
51,143,True,2026-05-08 02:18:05.081588066,1,85.78522192479024,0.8578522192479023,36,0,0,0,0
77,156,True,2026-05-08 04:44:08.899535128,0,3.2873666759581295,0.032873666759581296,4,0,0,0,0
29,87,True,2026-05-08 06:46:31.634149992,1,43.084995511541635,0.43084995511541635,90,0,0,0,0
93,69,False,2026-05-08 07:18:55.506362180,0,0.758414241833385,0.0075841424183338505,3,0,0,0,0
87,31,True,2026-05-08 07:23:28.623557134,0,3.5838822741711316,0.03583882274171132,3,0,0,0,0
54,67,True,2026-05-08 08:42:40.330264852,1,52.759288046476925,0.5275928804647693,281,0,0,0,0
99,81,True,2026-05-08 09:57:10.663622567,1,31.89565234843494,0.3189565234843494,59,0,1,0,0
68,137,False,2026-05-08 10:02:45.834010494,0,4.383749315658152,0.04383749315658152,4,0,0,0,0
6,6,True,2026-05-08 11:09:59.040985518,1,80.22413048213612,0.8022413048213611,152,1,0,0,0
64,100,True,2026-05-08 11:16:00.581398593,1,67.2952407166092,0.6729524071660921,146,0,0,0,0
76,163,True,2026-05-08 11:22:15.794003688,1,83.4600297486491,0.834600297486491,418,0,0,0,0
75,179,True,2026-05-08 11:48:58.400142494,1,53.426391523837204,0.534263915238372,58,0,0,0,0
19,33,True,2026-05-08 13:59:51.717277823,1,24.774756678685307,0.24774756678685309,90,0,1,0,0
80,27,True,2026-05-08 15:09:18.371802173,1,74.28353737796037,0.7428353737796037,196,0,0,0,0
89,67,True,2026-05-08 15:25:43.051246901,1,57.35160684539935,0.5735160684539935,306,0,0,0,0
99,68,True,2026-05-08 15:30:49.277440600,1,83.52486987769657,0.8352486987769657,2587,1,0,0,0
27,31,False,2026-05-08 15:31:54.314644094,0,0.3938046652318494,0.003938046652318494,0,0,0,0,0
94,170,True,2026-05-08 16:05:57.831216083,1,82.82071620478355,0.8282071620478355,172,1,0,0,0
22,179,False,2026-05-08 16:23:21.013718754,0,1.6287992696394877,0.016287992696394877,1,0,0,0,0
57,178,True,2026-05-08 16:26:15.156429100,1,44.37354452163999,0.4437354452163999,23,0,1,0,0
96,176,True,2026-05-08 16:48:45.091698790,1,69.26945981543632,0.6926945981543632,40,1,0,0,0
96,82,True,2026-05-08 17:09:46.538891383,1,41.41105640860746,0.41411056408607455,32,0,0,0,0
94,170,True,2026-05-08 18:13:47.429812988,1,63.02413693767733,0.6302413693767733,131,0,0,0,0
77,54,True,2026-05-08 19:05:34.363325869,1,77.24511999048981,0.7724511999048981,153,1,0,0,0
55,151,False,2026-05-08 19:15:01.081891658,0,0.8185482625452517,0.008185482625452517,1,0,0,0,0
80,120,True,2026-05-08 20:23:11.469886076,1,46.13446035747421,0.4613446035747421,102,1,0,0,0
44,193,True,2026-05-08 20:44:10.574772613,0,0.8353682817599911,0.00835368281759991,5,0,0,0,0
89,190,False,2026-05-08 20:58:21.931546436,0,1.436499000183824,0.01436499000183824,3,0,0,0,0
55,196,True,2026-05-08 23:19:15.366353862,1,69.3118861336142,0.693118861336142,202,0,1,0,0
55,128,False,2026-05-09 00:01:17.141811527,0,2.7016343362102764,0.027016343362102763,4,0,0,0,0
32,6,True,2026-05-09 01:38:27.818629171,1,75.43339323761874,0.7543339323761874,143,0,0,0,0
26,12,False,2026-05-09 02:19:56.214549033,0,2.779356923228976,0.02779356923228976,1,0,0,0,0
32,172,False,2026-05-09 02:29:26.322725969,0,2.690575627472608,0.026905756274726078,9,0,0,0,0
6,90,True,2026-05-09 02:35:09.143660008,1,74.13758665721832,0.7413758665721832,65,0,0,0,0
58,139,False,2026-05-09 02:48:27.017957104,0,2.227005388937546,0.02227005388937546,31,0,0,0,0
47,180,True,2026-05-09 03:47:22.369913937,1,66.11760767834619,0.6611760767834619,618,1,0,0,0
63,135,True,2026-05-09 03:56:28.865318167,1,27.091583975685207,0.2709158397568521,24,0,1,0,0
39,4,True,2026-05-09 04:11:46.831867759,1,25.72974855857201,0.2572974855857201,47,0,1,0,0
77,46,False,2026-05-09 05:23:14.907069496,0,1.9047288133690357,0.019047288133690356,1,0,0,0,0
92,172,True,2026-05-09 08:04:53.563081785,1,12.237042327036466,0.12237042327036465,43,0,1,0,0
15,170,False,2026-05-09 09:24:55.913836192,0,3.238556674340826,0.032385566743408256,6,0,0,0,0
15,12,True,2026-05-09 09:28:39.308081516,1,32.057436479944215,0.3205743647994422,16,0,0,0,0
64,6,False,2026-05-09 11:40:31.234600133,0,2.1170835465313593,0.021170835465313592,4,0,0,0,0
65,39,True,2026-05-09 13:46:04.880007926,1,44.165528421925856,0.4416552842192586,61,0,0,0,0
25,166,False,2026-05-09 14:37:57.378307059,0,2.302967183852612,0.023029671838526118,28,0,0,0,0
82,39,True,2026-05-09 14:53:25.920863070,1,60.95332350804682,0.6095332350804682,85,0,0,0,0
99,112,True,2026-05-09 16:34:39.804671933,1,26.86802627736835,0.2686802627736835,56,0,1,0,0
19,23,True,2026-05-09 17:14:13.031559821,1,46.08094398216925,0.46080943982169253,75,0,0,0,0
94,170,True,2026-05-09 17:38:56.316484786,1,17.221613103610352,0.1722161310361035,35,0,0,0,0
30,122,True,2026-05-09 18:40:29.200718466,1,81.96738470273623,0.8196738470273622,98,0,0,0,0
91,29,True,2026-05-09 19:46:52.264347112,1,33.735623741709425,0.33735623741709425,123,0,0,0,0
8,154,True,2026-05-09 20:10:16.126095569,0,0.11082877945305881,0.0011082877945305881,2,0,0,0,0
55,85,False,2026-05-09 21:04:49.315886575,0,1.1563214982455645,0.011563214982455645,0,0,0,0,0
94,170,False,2026-05-09 21:44:35.965784658,1,62.24044248947621,0.6224044248947621,129,0,0,0,0
18,49,True,2026-05-09 21:57:21.896505921,1,45.51485946718116,0.4551485946718116,256,0,0,0,0
13,20,False,2026-05-09 22:32:59.973040426,0,4.471678043792648,0.044716780437926484,12,0,0,0,0
52,112,False,2026-05-09 23:53:41.636604998,0,1.2121104750303697,0.012121104750303697,2,0,0,0,0
98,142,False,2026-05-10 00:46:53.747946272,0,3.368702871217779,0.03368702871217779,30,0,0,0,0
94,42,True,2026-05-10 01:36:24.573973662,1,64.14772854702485,0.6414772854702485,627,0,0,0,0
6,93,True,2026-05-10 02:19:32.414354172,1,31.77576373525409,0.31775763735254087,65,0,0,0,0
64,173,False,2026-05-10 04:33:48.160857354,0,3.0765058788667585,0.030765058788667584,0,0,0,0,0
95,119,True,2026-05-10 04:44:43.945182340,1,38.63304670737847,0.3863304670737847,43,0,0,0,0
80,92,True,2026-05-10 06:07:49.512337760,1,27.57258096062708,0.2757258096062708,30,0,1,0,0
53,140,True,2026-05-10 08:13:10.079658905,0,1.0404007845486691,0.010404007845486691,0,0,0,0,0
26,40,True,2026-05-10 08:16:49.085863460,1,77.32016770139198,0.7732016770139198,495,0,0,0,0
60,100,False,2026-05-10 08:44:19.672649957,0,3.5658213437867037,0.035658213437867035,7,0,0,0,0
55,8,True,2026-05-10 09:29:40.741631652,1,40.08358791153946,0.4008358791153946,49,0,0,0,0
26,190,True,2026-05-10 09:53:21.637182851,1,41.85158358033109,0.41851583580331086,101,1,0,0,0
20,181,True,2026-05-10 09:58:13.667974815,0,0.2176009267788137,0.002176009267788137,0,0,0,0,0
17,35,True,2026-05-10 10:08:43.195220335,1,79.23436198126629,0.7923436198126629,443,0,1,0,0
94,6,False,2026-05-10 10:28:13.789057975,0,0.37869822648229357,0.0037869822648229357,0,0,0,0,0
94,166,False,2026-05-10 11:24:13.722813307,0,0.9201493234123105,0.009201493234123104,11,0,0,0,0
45,99,True,2026-05-10 12:43:14.428147240,1,49.34949555980333,0.4934949555980333,236,0,0,0,0
22,151,True,2026-05-10 12:45:26.561081272,1,63.32301668162758,0.6332301668162758,150,0,0,0,0
76,7,False,2026-05-10 12:45:38.589726665,0,2.7323342550034897,0.027323342550034897,24,0,0,0,0
74,6,True,2026-05-10 13:32:00.343670518,1,86.79796948751753,0.8679796948751753,164,1,0,0,0
61,4,False,2026-05-10 14:05:40.974172053,0,0.24951960455449118,0.002495196045544912,0,0,0,0,0
25,54,True,2026-05-10 14:06:23.815873776,1,90.99670076566947,0.9099670076566947,181,1,0,0,1
52,166,True,2026-05-10 15:05:35.288939546,1,61.008493878888494,0.6100849387888849,754,0,0,0,0
80,74,True,2026-05-10 16:11:35.067365784,1,66.6215262369531,0.666215262369531,381,1,0,0,0
43,34,True,2026-05-10 17:28:58.822157772,1,52.29358134798445,0.5229358134798445,89,0,0,0,0
78,155,True,2026-05-10 17:35:56.856309552,0,4.476494188544736,0.04476494188544736,21,0,0,0,0
94,170,True,2026-05-10 17:57:31.501300547,1,61.19916584223502,0.6119916584223501,127,0,0,0,0
94,44,False,2026-05-10 18:45:47.899625281,0,3.758153967836337,0.03758153967836337,1,0,0,0,0
52,170,False,2026-05-10 19:00:18.534482265,0,3.97579126357716,0.0397579126357716,8,0,0,0,0
48,21,True,2026-05-10 19:48:30.462587078,1,82.11244654161759,0.8211244654161759,354,0,0,0,0
24,8,True,2026-05-10 21:46:04.727598919,1,27.3778703327706,0.273778703327706,33,0,0,0,0
63,82,True,2026-05-10 21:52:29.459366100,1,30.2064714977559,0.302064714977559,23,0,1,0,0
52,166,True,2026-05-10 23:48:18.035464325,1,43.55946873675127,0.4355946873675127,538,0,0,0,0
67,92,True,2026-05-11 00:03:22.302802353,1,91.38051290214038,0.9138051290214038,100,0,0,0,1
80,120,True,2026-05-11 01:57:10.312923182,1,80.51578340337814,0.8051578340337814,179,0,0,1,0
6,164,True,2026-05-11 03:53:37.044734371,1,51.48570450378541,0.5148570450378541,78,0,0,0,0
6,161,False,2026-05-11 04:57:33.904137300,1,86.53639115538031,0.8653639115538032,366,1,0,0,0
33,62,True,2026-05-11 06:10:50.428912537,1,59.0468315085679,0.590468315085679,37,0,0,0,0
64,100,True,2026-05-11 07:16:32.939285848,1,75.17346595477652,0.7517346595477652,163,0,0,0,0
55,196,True,2026-05-11 08:50:49.759861107,1,70.47390341618784,0.7047390341618783,205,1,0,0,0
94,166,False,2026-05-11 09:22:57.632712429,0,0.7221195775488826,0.007221195775488826,8,0,0,0,0
7,151,True,2026-05-11 09:35:21.964380100,1,36.90819188613948,0.3690819188613948,87,1,0,0,0
96,82,True,2026-05-11 10:03:19.765695023,1,38.92256689752724,0.3892256689752724,30,0,0,0,0
78,82,False,2026-05-11 10:55:25.083078625,0,3.044010462492481,0.03044010462492481,2,0,0,0,0
33,171,True,2026-05-11 11:55:12.664290155,1,66.60304142183465,0.6660304142183465,364,0,0,0,0
83,166,False,2026-05-11 12:08:34.366583800,0,1.1570631108857432,0.011570631108857433,14,0,0,0,0
58,23,True,2026-05-11 12:10:39.462771912,1,72.9067268054242,0.729067268054242,118,0,0,0,0
6,4,False,2026-05-11 14:05:10.041154914,0,3.2835668400498856,0.032835668400498855,6,0,0,0,0
71,18,True,2026-05-11 14:19:29.887701498,1,66.51183080858758,0.6651183080858757,67,0,0,0,0
62,29,True,2026-05-11 15:09:41.777205859,1,55.45736512404381,0.5545736512404381,202,0,0,0,0
26,129,True,2026-05-11 17:38:33.565932619,1,37.04714143020658,0.3704714143020658,71,0,1,0,0
89,90,False,2026-05-11 18:51:36.160412840,0,2.902146261717062,0.029021462617170618,2,0,0,0,0
64,139,False,2026-05-11 19:31:21.668782693,0,4.424364202731543,0.044243642027315434,63,0,0,0,0
99,6,False,2026-05-11 19:40:38.635258857,0,2.27878851430728,0.022787885143072797,4,0,0,0,0
52,175,False,2026-05-11 20:11:09.920581384,0,3.53115852117229,0.035311585211722896,10,0,0,0,0
25,194,True,2026-05-11 20:42:48.321728489,1,45.775559228094735,0.45775559228094737,78,0,0,0,0
55,73,True,2026-05-11 21:38:38.424911996,1,60.87688569234465,0.6087688569234465,82,0,0,0,0
94,170,False,2026-05-11 22:59:54.212253207,0,3.453076000754135,0.03453076000754135,7,0,0,0,0
99,166,False,2026-05-11 23:36:56.857013216,1,18.064407833135636,0.18064407833135634,223,0,0,0,0
94,137,True,2026-05-12 00:55:37.274743493,1,13.617909722274735,0.13617909722274735,12,0,1,0,0
89,90,False,2026-05-12 01:42:01.928196204,1,75.05543620252907,0.7505543620252907,66,0,0,0,0
94,6,False,2026-05-12 01:58:17.184781548,0,4.596386055913661,0.045963860559136614,8,0,0,0,0
58,158,True,2026-05-12 03:19:18.484041852,1,59.47146832431929,0.5947146832431929,39,0,0,0,0
70,165,False,2026-05-12 03:33:01.860374629,0,4.233781334975198,0.04233781334975198,17,0,0,0,0
94,32,False,2026-05-12 04:39:21.336513733,0,4.934975387271864,0.049349753872718644,54,0,0,0,0
58,158,True,2026-05-12 04:47:09.717396307,0,3.2636171977783666,0.032636171977783665,2,0,0,0,0
0,170,True,2026-05-12 06:14:08.760106316,1,46.81684920793733,0.4681684920793733,97,1,0,0,0
28,166,False,2026-05-12 06:19:36.529317782,0,2.7374421657473564,0.027374421657473565,33,0,0,0,0
44,23,False,2026-05-12 09:21:46.786126028,0,2.130281621822865,0.02130281621822865,3,0,0,0,0
80,166,False,2026-05-12 09:52:29.672485558,0,0.3348688306178705,0.0033486883061787046,4,0,0,0,0
50,17,True,2026-05-12 11:19:19.055147179,1,36.789526560289666,0.36789526560289665,98,0,0,0,0
38,13,True,2026-05-12 11:56:02.980029856,1,54.11736766749981,0.5411736766749982,134,0,0,0,0
6,90,True,2026-05-12 12:03:05.215953579,1,67.30566297129194,0.6730566297129194,59,0,0,0,0
25,190,True,2026-05-12 12:26:01.140424874,1,65.56708754271551,0.6556708754271551,159,0,0,0,0
26,139,False,2026-05-12 13:57:04.006638745,0,0.9598200456157631,0.00959820045615763,13,0,0,0,0
34,135,True,2026-05-12 14:17:09.830873987,1,46.47146287918955,0.4647146287918955,41,0,1,0,0
33,0,False,2026-05-12 15:26:44.391367766,0,0.38293171930807446,0.0038293171930807446,1,0,0,0,0
10,82,True,2026-05-12 17:07:52.989923078,0,4.446932783745259,0.044469327837452596,3,0,0,0,0
15,12,True,2026-05-12 17:10:03.227043512,1,79.13711331594352,0.7913711331594352,39,0,0,0,0
94,170,False,2026-05-12 17:42:10.949603684,0,0.8873647065374125,0.008873647065374125,1,0,0,0,0
66,100,False,2026-05-12 18:12:56.507672303,0,4.7466815426246205,0.04746681542624621,10,0,0,0,0
59,157,True,2026-05-12 18:37:34.020602042,1,85.14657883363822,0.8514657883363821,137,1,0,0,0
60,166,False,2026-05-12 19:41:26.209689924,0,0.5255956492619834,0.005255956492619835,6,0,0,0,0
4,33,True,2026-05-12 19:50:01.912694510,1,33.524574378853764,0.33524574378853766,122,0,0,0,0
94,149,False,2026-05-12 20:21:13.647570808,0,4.33515799388342,0.0433515799388342,6,0,0,0,0
26,33,True,2026-05-12 21:04:11.039489874,1,82.82882200549953,0.8282882200549954,302,0,0,0,0
24,140,True,2026-05-12 21:16:28.916179789,1,62.02308462390521,0.6202308462390521,43,0,0,0,0
96,197,True,2026-05-12 21:37:57.466193030,1,52.83227951050773,0.5283227951050773,92,0,1,0,0
85,100,False,2026-05-12 22:43:49.346481834,0,3.693740145178114,0.03693740145178114,8,0,0,0,0
48,183,False,2026-05-13 01:29:38.090136718,0,4.968850211721814,0.04968850211721814,2,0,0,0,0
0,46,True,2026-05-13 01:34:23.959496360,1,15.05844519308302,0.1505844519308302,12,0,1,0,0
89,17,False,2026-05-13 01:53:01.570691002,0,1.0824610524933498,0.010824610524933498,2,0,0,0,0
91,121,True,2026-05-13 02:01:39.527392370,1,71.3070082368884,0.7130700823688839,179,0,0,0,0
92,166,False,2026-05-13 02:14:19.642415464,0,1.400563511532827,0.01400563511532827,17,0,0,0,0
41,88,True,2026-05-13 03:12:52.391491830,1,29.11078755258683,0.2911078755258683,209,0,0,0,0
6,99,True,2026-05-13 05:32:44.030424638,1,90.51964681534463,0.9051964681534463,434,0,0,0,1
99,137,True,2026-05-13 06:32:45.940448281,1,30.761305268545673,0.30761305268545674,29,0,0,0,0
6,14,False,2026-05-13 07:08:43.554014704,0,2.4511504073096764,0.024511504073096765,4,0,0,0,0
24,76,True,2026-05-13 07:11:35.148328805,1,35.34794507953752,0.3534794507953752,68,0,0,0,0
77,190,True,2026-05-13 07:15:09.627212983,1,49.271776792318576,0.4927177679231858,119,0,0,0,0
94,149,True,2026-05-13 08:12:53.005369452,1,64.54207935285498,0.6454207935285499,91,0,0,1,0
15,25,False,2026-05-13 08:42:53.866380778,0,4.651126513475512,0.04651126513475513,39,0,0,0,0
25,187,True,2026-05-13 08:59:23.570193721,1,15.724214578524332,0.15724214578524331,45,0,0,0,0
94,3,True,2026-05-13 11:26:47.923821343,1,62.9970419988897,0.629970419988897,220,0,0,0,0
94,181,True,2026-05-13 11:50:22.071635608,1,37.48453569926338,0.3748453569926338,37,0,0,0,0
31,166,False,2026-05-13 12:42:04.352322703,0,4.633943915572133,0.046339439155721335,57,0,0,0,0
67,48,True,2026-05-13 13:10:09.580257859,1,59.48018992578349,0.5948018992578349,172,0,0,0,0
94,170,False,2026-05-13 14:24:10.358216351,0,3.842981972451376,0.03842981972451376,7,0,0,0,0
6,104,True,2026-05-13 14:41:54.909360758,1,60.8063535259416,0.608063535259416,596,0,0,0,0
4,119,False,2026-05-13 15:29:12.805166848,0,1.070423272513304,0.01070423272513304,1,0,0,0,0
15,155,True,2026-05-13 16:14:50.663416588,1,48.00609114961134,0.48006091149611346,229,0,0,0,0
35,82,True,2026-05-13 17:28:04.012062887,1,45.01715902817966,0.4501715902817966,35,0,1,0,0
78,111,True,2026-05-13 17:51:34.880727006,1,40.80498448907506,0.40804984489075063,77,1,0,0,0
94,84,False,2026-05-13 17:51:37.188696596,0,3.771005459962224,0.03771005459962224,9,0,0,0,0
68,154,False,2026-05-13 18:14:25.826917625,0,2.5646484389564144,0.025646484389564145,54,0,0,0,0
94,82,False,2026-05-13 18:16:12.705927884,0,4.270982224027797,0.04270982224027797,3,0,0,0,0
74,6,False,2026-05-13 19:23:48.182432199,0,0.15635688873633702,0.0015635688873633703,0,0,0,0,0
83,166,True,2026-05-13 19:49:39.369696847,1,36.51116106863617,0.36511161068636167,451,0,1,0,0
25,47,False,2026-05-13 21:26:12.580171816,0,0.17361434046826107,0.0017361434046826109,0,0,0,0,0
22,86,False,2026-05-13 23:00:53.420042729,0,0.3624929700252727,0.003624929700252727,1,0,0,0,0
93,135,False,2026-05-13 23:07:23.969950426,0,0.05610444988731256,0.0005610444988731256,0,0,0,0,0
19,75,True,2026-05-13 23:37:28.249746991,1,39.04297303252752,0.3904297303252752,9,0,1,0,0
99,189,True,2026-05-13 23:39:49.321645231,1,61.14349145885707,0.6114349145885707,32,0,0,0,0
98,152,False,2026-05-14 00:25:13.125047778,0,0.6060163868584634,0.006060163868584634,1,0,0,0,0
99,0,True,2026-05-14 01:02:48.893115574,1,57.39038097644744,0.5739038097644744,241,0,0,0,0
26,145,False,2026-05-14 01:42:32.570994974,0,4.512612695081464,0.045126126950814645,2,0,0,0,0
49,49,True,2026-05-14 03:15:31.315705018,1,28.67949059667771,0.2867949059667771,161,0,0,0,0
92,29,True,2026-05-14 04:24:39.141201421,1,59.816087409898564,0.5981608740989857,218,1,0,0,0
60,18,True,2026-05-14 04:59:20.012389670,1,20.306956217242945,0.20306956217242944,20,0,0,0,0
15,163,True,2026-05-14 05:00:06.906856452,1,40.236502966688484,0.4023650296668848,201,0,1,0,0
94,178,True,2026-05-14 05:40:52.795407477,1,80.22199172499248,0.8022199172499248,42,0,0,0,0
46,18,True,2026-05-14 05:52:04.976033220,1,53.15300984393383,0.5315300984393383,53,0,0,0,0
16,43,True,2026-05-14 05:57:07.659313712,1,56.3943250109311,0.563943250109311,377,0,1,0,0
90,174,True,2026-05-14 06:04:13.853087056,1,81.61127443014342,0.8161127443014342,140,1,0,0,0
70,76,True,2026-05-14 08:23:05.097217600,1,82.14802957610247,0.8214802957610248,159,0,0,0,0
90,133,False,2026-05-14 08:28:43.785843654,0,0.651825120884455,0.00651825120884455,2,0,0,0,0
92,166,False,2026-05-14 08:33:07.802135389,0,0.5172305834646747,0.005172305834646746,6,0,0,0,0
34,82,True,2026-05-14 08:34:24.338450055,1,63.963916302432935,0.6396391630243293,50,0,0,0,0
58,151,False,2026-05-14 09:24:19.382682582,0,2.659863293084764,0.02659863293084764,6,0,0,0,0
94,181,True,2026-05-14 09:37:05.036979451,1,31.09247554010559,0.3109247554010559,31,0,0,0,0
12,10,True,2026-05-14 10:10:01.394443824,1,76.12713203452056,0.7612713203452055,532,0,0,0,0
89,135,False,2026-05-14 10:34:39.137573420,0,4.145660148241991,0.041456601482419905,3,0,0,0,0
50,170,False,2026-05-14 10:42:35.166507160,0,1.1742013576779267,0.011742013576779266,2,0,0,0,0
44,68,True,2026-05-14 11:21:21.976061275,1,64.78953777532651,0.6478953777532651,2007,0,0,0,0
32,143,True,2026-05-14 12:44:00.980430771,1,54.042684055543674,0.5404268405554368,22,0,0,0,0
52,173,True,2026-05-14 13:45:14.690720680,1,82.15718674384202,0.8215718674384201,18,1,0,0,0
16,31,True,2026-05-14 14:29:17.561490734,1,69.8454024549509,0.698454024549509,75,0,0,0,0
83,142,True,2026-05-14 15:01:22.691609471,1,66.19760860031911,0.6619760860031911,603,0,0,0,0
94,21,True,2026-05-14 15:01:23.313954253,1,61.36990100413886,0.6136990100413886,265,0,0,0,0
80,166,False,2026-05-14 15:02:22.523322640,0,3.6963257536292384,0.036963257536292385,45,0,0,0,0
91,113,True,2026-05-14 15:47:51.607561202,1,65.93493657595891,0.6593493657595891,272,0,0,0,0
30,122,True,2026-05-14 16:19:13.366637212,1,70.00751959095524,0.7000751959095524,84,0,0,0,0
80,8,False,2026-05-14 16:27:44.876528389,0,3.3483058081643833,0.033483058081643834,4,0,0,0,0
94,65,False,2026-05-14 17:46:34.803951873,0,3.87078396248583,0.0387078396248583,10,0,0,0,0
15,139,True,2026-05-14 20:56:56.725070524,1,34.53794182266768,0.34537941822667684,493,0,1,0,0
80,120,True,2026-05-14 20:59:02.573575517,1,41.552255111096024,0.4155225511109602,92,0,0,0,0
89,34,True,2026-05-14 21:08:41.888406664,1,54.666123392146645,0.5466612339214665,94,0,0,0,0
9,62,True,2026-05-14 21:18:32.687607017,1,22.752701223681964,0.22752701223681962,14,0,0,0,0
94,170,True,2026-05-14 22:59:17.311689199,1,75.92892149643427,0.7592892149643427,157,0,0,0,0
32,67,True,2026-05-14 23:01:26.769411805,1,54.88165749529904,0.5488165749529904,293,0,0,0,0
15,12,True,2026-05-14 23:17:20.636420417,1,29.362217048911848,0.2936221704891185,14,0,0,0,0
38,158,True,2026-05-14 23:59:43.026355316,1,45.46935026665877,0.4546935026665877,30,0,0,0,0
47,40,True,2026-05-15 00:51:03.045442308,1,85.40251602259808,0.8540251602259807,547,1,0,0,0
80,197,False,2026-05-15 00:58:35.652534441,0,4.94305252409761,0.0494305252409761,8,0,0,0,0
28,10,True,2026-05-15 02:44:14.081916471,1,37.67350125155036,0.3767350125155036,263,0,0,0,0
55,73,True,2026-05-15 02:45:24.448409201,1,48.58484270404791,0.4858484270404791,66,0,0,0,0
23,194,True,2026-05-15 02:48:03.389168905,1,69.51193809144142,0.6951193809144142,119,0,0,0,0
29,82,False,2026-05-15 04:26:36.693812964,0,0.9482381500976828,0.009482381500976828,0,0,0,0,0
55,17,True,2026-05-15 05:37:38.316255409,0,2.4255506985908637,0.02425550698590864,6,0,0,0,0
80,120,True,2026-05-15 06:33:05.087398809,1,75.31370331829386,0.7531370331829386,167,0,0,0,0
55,6,False,2026-05-15 06:35:49.566877816,0,2.6401694140191356,0.02640169414019136,5,0,0,0,0
39,99,True,2026-05-15 08:00:17.553572536,1,82.86683258898884,0.8286683258898885,397,1,0,0,0
45,144,True,2026-05-15 09:33:04.548201629,1,73.43492950608264,0.7343492950608264,382,0,0,0,0
94,149,True,2026-05-15 09:37:33.612118696,1,52.49854225082785,0.5249854225082785,74,0,0,0,0
93,93,True,2026-05-15 10:41:01.945105249,1,54.55001852010108,0.5455001852010107,112,0,0,0,0
77,107,True,2026-05-15 11:26:01.285377063,0,4.815926947649451,0.04815926947649451,3,0,0,0,0
82,166,False,2026-05-15 11:28:02.954883987,0,3.126418754397991,0.03126418754397991,38,0,0,0,0
94,59,True,2026-05-15 11:43:45.400113825,1,79.67683169371988,0.7967683169371987,302,0,0,0,0
50,82,False,2026-05-15 11:44:50.702563374,0,2.275916736671309,0.022759167366713087,1,0,0,0,0
6,90,True,2026-05-15 12:41:04.295348464,1,68.2460177009458,0.682460177009458,60,0,0,0,0
47,35,False,2026-05-15 13:03:21.809319070,0,4.159213862923836,0.04159213862923836,23,0,0,0,0
35,69,True,2026-05-15 13:31:05.653175577,1,58.356168588310986,0.5835616858831099,241,1,0,0,0
55,196,True,2026-05-15 13:52:37.246840057,1,43.405138506981224,0.4340513850698122,126,0,1,0,0
33,10,True,2026-05-15 14:06:56.706205233,1,60.168669905658035,0.6016866990565803,421,0,0,0,0
93,151,False,2026-05-15 15:43:02.875554329,0,1.72183444159127,0.0172183444159127,4,0,0,0,0
82,170,False,2026-05-15 15:48:37.023100090,0,2.0376719007682254,0.020376719007682256,4,0,0,0,0
37,83,True,2026-05-15 15:55:43.640367190,1,37.78800634577009,0.3778800634577009,79,0,0,0,0
42,138,True,2026-05-15 16:44:58.162548528,1,30.200599304914743,0.30200599304914744,13,0,1,0,0
0,170,True,2026-05-15 16:56:53.459821115,1,76.85001953284113,0.7685001953284113,159,0,0,0,0
80,47,True,2026-05-15 17:02:46.115247335,1,69.24534790929727,0.6924534790929727,101,0,0,0,0
52,3,False,2026-05-15 18:07:28.008751433,0,3.691773013541414,0.03691773013541414,12,0,0,0,0
6,90,True,2026-05-15 19:34:40.659078526,1,44.88117833822465,0.4488117833822465,39,0,0,0,0
96,16,False,2026-05-15 19:35:48.786724950,0,2.2989700663743062,0.022989700663743062,13,0,0,0,0
80,120,True,2026-05-15 20:09:15.713348440,1,45.49634377478874,0.45496343774788744,101,0,0,0,0
43,166,True,2026-05-15 20:10:25.101320329,1,8.978787239834762,0.08978787239834762,111,0,1,0,0
4,57,True,2026-05-15 20:39:25.262296862,1,45.04602820351993,0.45046028203519933,198,0,0,0,0
70,82,False,2026-05-15 20:52:36.602207932,0,2.4113822974328936,0.024113822974328937,1,0,0,0,0
28,14,True,2026-05-15 20:55:21.200230945,1,58.744067688979285,0.5874406768897928,112,0,0,0,0
85,141,True,2026-05-15 20:57:57.164729880,1,23.2578927451878,0.232578927451878,25,0,0,0,0
26,107,True,2026-05-15 21:39:45.248810500,0,1.476141247777319,0.01476141247777319,1,0,0,0,0
20,38,True,2026-05-15 22:52:16.681083170,1,57.61151839372371,0.5761151839372372,91,0,0,0,0
18,170,False,2026-05-16 00:02:42.111798077,0,0.9209023074231321,0.009209023074231321,1,0,0,0,0
94,152,False,2026-05-16 00:54:35.653915949,0,3.1047304368787754,0.031047304368787755,5,0,0,0,0
52,166,True,2026-05-16 01:12:37.887942147,1,80.0312742684318,0.8003127426843181,989,0,0,0,0
19,145,True,2026-05-16 02:30:21.971597437,1,22.244823712474187,0.22244823712474188,13,0,1,0,0
87,96,True,2026-05-16 02:33:15.312392299,1,40.263014613375674,0.40263014613375675,49,0,0,0,0
25,157,False,2026-05-16 05:13:26.478386794,0,3.1412829690500215,0.031412829690500216,5,0,0,0,0
94,170,False,2026-05-16 05:52:28.329423726,0,2.51909685164273,0.025190968516427298,5,0,0,0,0
80,129,False,2026-05-16 07:12:56.953199937,0,4.545885074652807,0.04545885074652807,8,0,0,0,0
35,54,True,2026-05-16 07:34:22.260586799,1,87.19328158637622,0.8719328158637621,173,0,0,0,0
49,39,False,2026-05-16 07:47:03.128717065,0,0.8429100174880971,0.008429100174880971,1,0,0,0,0
16,34,True,2026-05-16 08:04:47.886113167,1,73.32270880725676,0.7332270880725675,126,0,0,0,0
24,17,True,2026-05-16 08:25:57.418797558,1,70.68624632176625,0.7068624632176626,190,1,0,0,0
57,180,True,2026-05-16 09:18:41.390768925,1,39.26440811327167,0.3926440811327167,367,0,1,0,0
6,128,True,2026-05-16 09:23:25.722569978,1,63.163849242106316,0.6316384924210632,108,0,0,0,0
24,140,True,2026-05-16 09:32:53.737352035,1,45.50647245314996,0.4550647245314996,31,0,0,0,0
92,29,True,2026-05-16 10:06:49.970416855,1,55.02886049241419,0.5502886049241419,201,1,0,0,0
15,183,True,2026-05-16 10:36:25.415568189,0,2.816894791128075,0.028168947911280752,1,0,0,0,0
87,144,False,2026-05-16 13:12:22.563945103,0,4.401488587092706,0.044014885870927056,22,0,0,0,0
81,86,True,2026-05-16 13:14:42.162772202,1,24.242077300982086,0.24242077300982084,132,0,1,0,0
27,109,True,2026-05-16 14:45:39.975385446,1,34.93360209745062,0.34933602097450617,104,0,0,0,0
94,170,True,2026-05-16 14:56:55.691325913,1,43.916303573199684,0.43916303573199683,91,0,0,0,0
99,131,False,2026-05-16 15:39:32.383457907,0,2.864330019834263,0.02864330019834263,2,0,0,0,0
24,17,True,2026-05-16 16:28:06.108592503,1,51.62281398581723,0.5162281398581723,138,0,0,0,0
80,4,True,2026-05-16 16:34:41.422216523,1,46.176422441102304,0.46176422441102305,85,0,0,0,0
13,50,True,2026-05-16 17:39:44.270431067,0,3.9438711818771495,0.039438711818771496,3,0,0,0,0
26,69,True,2026-05-16 18:06:14.580790271,1,42.38749988788691,0.4238749988788691,175,0,0,0,0
89,91,True,2026-05-16 19:48:23.226071693,1,52.02551244621604,0.5202551244621604,213,0,1,0,0
77,188,True,2026-05-16 21:01:45.873989563,1,48.01596463068515,0.4801596463068515,215,0,1,0,0
94,168,True,2026-05-16 21:18:10.148731654,1,82.83407996542674,0.8283407996542673,73,1,0,0,0
90,100,False,2026-05-16 21:22:05.936888576,1,53.92491999849518,0.5392491999849518,117,0,0,0,0
89,67,True,2026-05-16 21:52:39.486876245,1,73.77529318203014,0.7377529318203014,393,0,0,1,0
5,114,True,2026-05-16 22:17:23.371511749,1,74.53037258346559,0.7453037258346559,418,0,0,0,0
55,166,False,2026-05-16 22:41:48.784377136,0,1.2081213588119217,0.012081213588119217,14,0,0,0,0
68,6,False,2026-05-16 23:26:39.448998668,0,1.627884165746642,0.01627884165746642,3,0,0,0,0
94,170,False,2026-05-17 00:41:15.422637220,0,3.8276566577379953,0.038276566577379954,7,0,0,0,0
37,106,True,2026-05-17 00:45:30.725002566,1,62.62354722272614,0.6262354722272614,18,0,0,0,0
3,192,False,2026-05-17 01:19:30.622594684,0,2.733247751516985,0.027332477515169852,1,0,0,0,0
94,170,True,2026-05-17 02:18:32.221892983,1,80.43701698445867,0.8043701698445866,167,1,0,0,0
7,52,True,2026-05-17 02:25:49.487407313,0,1.1451253964590113,0.011451253964590114,3,0,0,0,0
38,55,True,2026-05-17 02:27:06.156804824,1,61.08429874699285,0.6108429874699285,156,0,0,0,0
36,103,True,2026-05-17 03:40:16.777139727,1,48.07169953667376,0.4807169953667376,38,0,1,0,0
6,90,True,2026-05-17 05:15:18.482963990,1,38.042854560715604,0.38042854560715605,33,0,1,0,0
52,166,True,2026-05-17 07:38:55.940024128,0,1.9796270358681451,0.01979627035868145,24,0,0,0,0
46,101,True,2026-05-17 08:02:04.607878372,1,27.469434693650214,0.27469434693650213,78,0,1,0,0
77,4,False,2026-05-17 08:14:32.028692334,0,3.5873680463320574,0.035873680463320574,6,0,0,0,0
78,166,False,2026-05-17 09:13:36.544834839,0,4.936722500755576,0.04936722500755576,61,0,0,0,0
42,6,False,2026-05-17 10:38:30.123025050,0,1.1650024490449817,0.011650024490449818,2,0,0,0,0
58,68,True,2026-05-17 11:01:00.803613670,1,68.52218790445238,0.6852218790445238,2122,0,0,0,0
15,12,True,2026-05-17 11:01:10.911486849,1,39.48823006626218,0.3948823006626218,19,0,0,0,0
92,4,False,2026-05-17 12:31:02.561373787,1,61.66517056672273,0.6166517056672273,114,0,0,0,0
52,166,False,2026-05-17 13:59:02.394708316,0,4.599832614318213,0.04599832614318213,56,0,0,0,0
10,197,True,2026-05-17 15:12:50.896795529,1,30.989582326226255,0.30989582326226256,54,0,0,0,0
48,181,True,2026-05-17 15:14:32.658215317,1,19.51208441707295,0.1951208441707295,19,0,1,0,0
26,155,False,2026-05-17 17:10:20.648350617,0,4.902295854272887,0.04902295854272887,23,0,0,0,0
28,8,True,2026-05-17 17:52:49.635265258,1,57.564621310478884,0.5756462131047888,71,0,0,0,0
73,100,True,2026-05-17 19:54:45.746661225,1,61.81319941832406,0.6181319941832406,134,0,0,0,0
38,119,True,2026-05-17 22:00:11.443446189,1,17.00538375008576,0.1700538375008576,19,0,1,0,0
31,166,False,2026-05-17 22:27:31.814295528,0,1.3679213390718536,0.013679213390718536,16,0,0,0,0
66,151,True,2026-05-17 22:37:32.695886824,1,37.500747730406054,0.37500747730406053,88,0,0,0,0
48,168,True,2026-05-17 23:18:10.593812776,1,58.67019474170223,0.5867019474170223,52,0,1,0,0
70,138,True,2026-05-18 00:08:37.946397669,1,20.099743208720653,0.20099743208720652,9,0,1,0,0
75,98,True,2026-05-18 00:59:56.537071986,1,85.59789468296671,0.8559789468296671,95,1,0,0,0
6,90,False,2026-05-18 01:02:51.589949006,0,1.6522367699918046,0.016522367699918047,1,0,0,0,0
1,152,False,2026-05-18 01:58:47.433639310,0,3.9117320404069567,0.03911732040406957,6,0,0,0,0
90,186,False,2026-05-18 02:50:23.998707421,0,0.24806368330965892,0.002480636833096589,0,0,0,0,0
19,112,True,2026-05-18 03:53:56.962752204,1,56.19044793312239,0.5619044793312239,117,1,0,0,0
55,78,True,2026-05-18 04:04:02.720546160,1,75.92468914370689,0.7592468914370689,661,1,0,0,0
99,129,True,2026-05-18 04:09:00.686534543,1,42.761829831364416,0.4276182983136442,82,0,1,0,0
96,197,True,2026-05-18 05:40:18.695323983,1,24.231761429715373,0.24231761429715373,42,0,1,0,0
37,28,False,2026-05-18 10:52:25.143916557,0,2.7127662188830572,0.027127662188830573,4,0,0,0,0
80,159,True,2026-05-18 11:15:36.569959870,1,67.9672943458321,0.6796729434583211,183,0,0,0,0
44,88,True,2026-05-18 13:07:37.145123618,1,47.4293405585411,0.474293405585411,341,0,0,0,0
75,33,True,2026-05-18 13:51:55.422070646,0,4.01979558045473,0.0401979558045473,14,0,0,0,0
24,100,False,2026-05-18 13:59:59.303223527,0,2.852248674361723,0.028522486743617226,6,0,0,0,0
68,113,True,2026-05-18 14:25:27.058377627,1,66.19755337961647,0.6619755337961647,274,0,0,0,0
99,197,False,2026-05-18 14:45:57.478333276,0,3.1982222096793516,0.031982222096793515,5,0,0,0,0
77,69,True,2026-05-18 14:49:47.039651779,1,43.196681639160694,0.43196681639160694,178,0,0,0,0
63,82,True,2026-05-18 15:18:39.331143417,0,0.5845157114002419,0.00584515711400242,0,0,0,0,0
51,190,True,2026-05-18 16:06:20.189013134,1,69.21884582832605,0.6921884582832606,168,0,0,0,0
96,25,True,2026-05-18 17:40:36.642654160,1,34.47934903161275,0.3447934903161275,293,0,1,0,0
87,79,False,2026-05-18 18:20:42.332908965,0,4.4302542009503805,0.0443025420095038,4,0,0,0,0
6,104,True,2026-05-18 18:42:59.723130830,1,75.7725534702177,0.757725534702177,743,0,0,0,0
94,166,False,2026-05-18 20:28:27.596567942,0,1.3234918885550329,0.01323491888555033,16,0,0,0,0
75,158,True,2026-05-18 21:09:52.855017923,1,30.616790445907878,0.30616790445907877,20,0,1,0,0
6,100,False,2026-05-18 21:25:15.463564408,0,3.102343730257387,0.03102343730257387,6,0,0,0,0
19,145,True,2026-05-18 21:30:59.345115842,1,51.7051139489546,0.517051139489546,30,0,0,0,0
92,179,True,2026-05-18 22:38:56.600902455,1,41.81858642205514,0.41818586422055143,46,0,0,0,0
67,128,True,2026-05-18 23:09:23.830382269,1,46.17846103972296,0.4617846103972296,79,0,0,0,0
92,28,False,2026-05-18 23:15:50.849199993,0,3.9339605043132666,0.039339605043132664,5,0,0,0,0
65,158,True,2026-05-19 00:21:28.420977781,1,75.49223487103302,0.7549223487103303,50,0,0,0,0
21,6,False,2026-05-19 01:04:18.779433723,0,0.5000619017827845,0.0050006190178278455,0,0,0,0,0
80,120,True,2026-05-19 01:34:09.116389784,0,2.1417119516168284,0.021417119516168284,4,0,0,0,0
94,59,True,2026-05-19 01:34:16.846555007,1,63.572961744839084,0.6357296174483908,241,1,0,0,0
49,49,True,2026-05-19 01:44:29.787442667,1,74.78292123514792,0.7478292123514793,421,0,0,0,0
66,151,True,2026-05-19 03:18:31.032829505,1,66.8492142899788,0.6684921428997881,158,0,0,0,0
64,21,False,2026-05-19 03:29:22.947209992,0,2.985490078051889,0.02985490078051889,12,0,0,0,0
32,57,True,2026-05-19 03:49:31.482112955,1,12.548623008946816,0.12548623008946816,55,0,1,0,0
6,99,True,2026-05-19 04:02:12.517333891,1,76.37369904171246,0.7637369904171246,366,1,0,0,0
17,100,True,2026-05-19 04:22:54.082557099,1,81.38770040816922,0.8138770040816922,177,1,0,0,0
93,96,True,2026-05-19 04:30:21.683904355,1,54.24967408384296,0.5424967408384296,67,0,0,0,0
72,4,True,2026-05-19 04:55:45.966211354,1,40.25189374836358,0.40251893748363576,74,0,0,0,0
15,90,False,2026-05-19 05:00:53.750184387,0,1.9612409066344452,0.01961240906634445,1,0,0,0,0
52,132,False,2026-05-19 06:19:54.270828747,0,3.169362230260396,0.03169362230260396,9,0,0,0,0
94,170,True,2026-05-19 07:39:32.499451474,1,74.82827805652127,0.7482827805652127,155,0,0,0,0
92,170,False,2026-05-19 07:43:50.132091927,0,3.1947281092769626,0.031947281092769626,6,0,0,0,0
24,39,True,2026-05-19 08:18:44.642575612,1,75.5512495733196,0.755512495733196,105,0,1,0,0
50,170,False,2026-05-19 08:33:10.159278753,0,2.1366491298700394,0.021366491298700392,4,0,0,0,0
54,34,True,2026-05-19 08:33:35.704762591,1,25.62823051874496,0.2562823051874496,44,0,1,0,0
11,147,True,2026-05-19 09:56:54.059708140,1,75.69084732815813,0.7569084732815813,20,0,0,0,0
55,78,True,2026-05-19 10:14:44.365660419,1,89.35296568784678,0.8935296568784677,778,1,0,0,0
10,199,True,2026-05-19 10:59:35.597842696,1,28.383059291723278,0.2838305929172328,66,0,0,0,0
33,151,True,2026-05-19 11:15:41.694438098,1,79.7399299642312,0.7973992996423119,188,0,0,0,0
16,82,False,2026-05-19 11:24:00.165515419,1,57.70321680387334,0.5770321680387334,45,0,0,0,0
94,168,True,2026-05-19 12:46:25.405930504,1,82.27186118107271,0.8227186118107271,73,0,0,0,0
77,156,True,2026-05-19 13:10:10.306848051,1,79.01177733825395,0.7901177733825395,103,0,0,0,0
74,60,True,2026-05-19 13:30:58.061060265,1,55.10427569212671,0.5510427569212671,173,0,0,0,0
92,29,True,2026-05-19 13:44:55.704265652,1,58.868662128691476,0.5886866212869147,215,0,0,0,0
27,37,False,2026-05-19 14:06:53.846445516,0,3.0957482965736656,0.030957482965736655,4,0,0,0,0
23,104,True,2026-05-19 14:27:13.370252540,1,56.991614782012945,0.5699161478201294,559,0,0,0,0
55,138,True,2026-05-19 15:03:55.878578334,1,55.56664677842033,0.5556664677842033,25,0,0,0,0
6,60,True,2026-05-19 15:26:02.706269993,1,62.97224992573661,0.6297224992573661,197,0,0,0,0
98,107,True,2026-05-19 16:15:10.360368408,1,32.95027592633122,0.32950275926331224,23,0,0,0,0
19,129,True,2026-05-19 17:06:01.455509971,1,67.90669980021848,0.6790669980021847,131,0,0,0,0
10,109,True,2026-05-19 17:51:58.546273455,1,50.34684421640212,0.5034684421640212,150,0,0,0,0
17,135,True,2026-05-19 18:07:10.514432700,1,55.934129517379816,0.5593412951737982,49,0,0,0,0
23,181,False,2026-05-19 19:20:45.876686927,0,3.991010669906636,0.03991010669906636,4,0,0,0,0
36,151,True,2026-05-19 19:55:51.531334515,1,63.99055845131478,0.6399055845131478,151,0,0,0,0
93,152,True,2026-05-19 20:13:25.645663326,1,54.10155768115802,0.5410155768115802,94,0,1,0,0
77,166,False,2026-05-19 20:16:01.809222945,0,4.79844609557007,0.0479844609557007,59,0,0,0,0
29,131,False,2026-05-19 20:21:00.317110504,0,0.32585997948603507,0.0032585997948603508,0,0,0,0,0
94,180,False,2026-05-19 21:32:21.510560612,0,2.8483034948596226,0.028483034948596227,26,0,0,0,0
2,190,False,2026-05-19 23:14:46.185330580,0,2.4446805843815556,0.024446805843815558,5,0,0,0,0
46,95,True,2026-05-19 23:18:34.811087186,1,46.84229228921815,0.4684229228921815,133,0,0,0,0
24,140,True,2026-05-19 23:19:06.350250843,0,1.8309841539667433,0.018309841539667433,1,0,0,0,0
26,81,True,2026-05-19 23:21:13.793111210,1,67.35055535903108,0.6735055535903107,126,0,0,0,0
22,100,True,2026-05-19 23:38:00.199342331,1,49.50291665377136,0.49502916653771356,107,0,0,0,0
80,169,True,2026-05-19 23:52:55.070817760,1,37.41203186950204,0.3741203186950204,152,0,1,0,0
24,196,True,2026-05-20 00:40:55.377174031,1,84.84681627636454,0.8484681627636453,247,1,0,0,0
99,62,True,2026-05-20 01:30:29.379040971,1,52.17164747444458,0.5217164747444458,32,1,0,0,0
26,43,True,2026-05-20 01:58:25.671423302,1,47.53083202817787,0.4753083202817787,318,0,0,0,0
94,3,True,2026-05-20 03:13:31.720223674,0,1.4818380342041104,0.014818380342041105,5,0,0,0,0
52,138,False,2026-05-20 03:14:34.501768111,0,1.7162429744937164,0.017162429744937164,0,0,0,0,0
15,154,False,2026-05-20 03:23:52.800130239,0,4.918459292085883,0.04918459292085883,103,0,0,0,0
79,74,True,2026-05-20 03:29:00.715013079,1,58.564529548657795,0.585645295486578,335,0,0,0,0
10,82,True,2026-05-20 03:40:20.908637995,1,53.108604578120364,0.5310860457812037,41,0,0,0,0
24,82,False,2026-05-20 03:50:07.786759254,0,1.6785319543496775,0.016785319543496775,1,0,0,0,0
19,62,True,2026-05-20 04:40:50.931326377,1,45.442543513853096,0.45442543513853095,28,0,0,0,0
69,135,True,2026-05-20 05:08:32.610886004,1,20.990549920627387,0.20990549920627388,18,0,1,0,0
19,40,True,2026-05-20 06:06:33.395054635,1,65.24418744591951,0.6524418744591951,418,0,0,0,0
12,90,False,2026-05-20 06:10:04.604739138,0,3.159448361009272,0.03159448361009272,2,0,0,0,0
19,5,True,2026-05-20 06:39:53.644497134,0,4.1855956256583156,0.04185595625658316,26,0,0,0,0
77,4,False,2026-05-20 07:16:15.026353593,0,0.8882795392641946,0.008882795392641946,1,0,0,0,0
6,6,True,2026-05-20 09:14:05.815883843,1,50.218201245141714,0.5021820124514171,95,0,0,0,0
93,151,True,2026-05-20 10:59:28.293805927,1,61.34642255158421,0.6134642255158421,145,1,0,0,0
98,54,True,2026-05-20 11:10:40.724146643,1,82.14034714505975,0.8214034714505974,163,1,0,0,0
23,166,False,2026-05-20 11:12:53.081318732,0,1.8851817909212638,0.01885181790921264,23,0,0,0,0
36,110,True,2026-05-20 12:01:13.139336936,1,35.591322899357614,0.35591322899357614,116,0,0,0,0
26,28,False,2026-05-20 13:10:28.058362892,0,1.9876116455360793,0.019876116455360793,2,0,0,0,0
91,34,True,2026-05-20 13:40:15.590773277,1,43.85638974403305,0.43856389744033053,75,0,1,0,0
55,138,True,2026-05-20 13:52:38.757898608,1,15.201686965310016,0.15201686965310016,6,0,1,0,0
98,151,False,2026-05-20 14:55:12.326554611,0,4.796645541169337,0.047966455411693365,11,0,0,0,0
93,52,True,2026-05-20 15:15:24.282511340,0,1.3849478769360464,0.013849478769360463,4,0,0,0,0
26,112,True,2026-05-20 15:17:56.318539980,1,31.008410406568615,0.31008410406568615,65,0,0,0,0
47,123,False,2026-05-20 15:54:04.830060112,0,3.6287826095248685,0.036287826095248686,4,0,0,0,0
35,197,True,2026-05-20 16:52:44.936035696,1,52.39754519716392,0.5239754519716392,91,0,0,0,0
99,0,True,2026-05-20 18:03:53.627374563,1,37.10789247349488,0.3710789247349488,156,0,1,0,0
78,4,False,2026-05-20 18:18:50.362655863,1,56.36193043981347,0.5636193043981347,104,0,0,0,0
93,186,False,2026-05-20 19:33:47.855292937,0,2.0468656346408345,0.020468656346408345,5,0,0,0,0
7,29,False,2026-05-20 19:43:19.731058319,0,2.922337090291875,0.029223370902918752,10,0,0,0,0
31,166,False,2026-05-20 19:52:00.186306968,0,0.906565407423311,0.00906565407423311,11,0,0,0,0
94,3,True,2026-05-20 20:50:49.573003456,0,3.5364710287076773,0.03536471028707677,12,0,0,0,0
94,180,True,2026-05-20 20:57:19.129753865,1,34.10897031497667,0.3410897031497667,318,0,0,0,0
34,135,True,2026-05-20 21:06:33.605639947,1,38.47067569689277,0.3847067569689277,34,0,0,0,0
90,117,True,2026-05-20 22:20:25.672494298,1,36.03874541009196,0.3603874541009196,82,0,1,0,0
99,6,False,2026-05-21 00:21:26.436048865,0,4.77118515827316,0.0477118515827316,9,0,0,0,0
94,46,True,2026-05-21 00:35:44.664515430,1,55.99586069391509,0.5599586069391509,47,0,0,0,0
47,22,True,2026-05-21 00:50:36.711070431,1,33.06461263171794,0.33064612631717943,33,0,0,0,0
94,106,True,2026-05-21 00:55:10.497494737,1,59.85262810590078,0.5985262810590077,17,0,0,0,0
52,166,True,2026-05-21 02:38:13.442455207,1,75.55602956043776,0.7555602956043777,934,0,0,0,0
20,181,True,2026-05-21 03:22:06.731388666,1,25.421923870533615,0.25421923870533614,25,0,0,0,0
9,175,True,2026-05-21 03:56:41.207400582,1,35.23695293287014,0.3523695293287014,105,0,1,0,0
49,189,False,2026-05-21 04:13:11.020851125,1,39.9542787213139,0.39954278721313896,21,0,1,0,0
89,143,True,2026-05-21 04:15:24.312541936,1,39.28993072860282,0.3928993072860282,16,0,0,0,0
89,34,True,2026-05-21 05:10:48.724596779,1,53.085608879216586,0.5308560887921658,91,0,0,0,0
6,120,False,2026-05-21 05:15:32.361916420,0,1.7378214058087063,0.017378214058087062,3,0,0,0,0
26,129,True,2026-05-21 05:41:09.369528247,1,49.52527562106576,0.4952527562106576,96,0,0,0,0
25,69,True,2026-05-21 05:59:07.587087089,1,64.44270161829078,0.6444270161829078,266,0,0,0,0
6,166,False,2026-05-21 07:17:03.243544863,0,0.14796801779967894,0.0014796801779967895,1,0,0,0,0
93,152,True,2026-05-21 07:22:52.737765118,1,28.16270520097041,0.2816270520097041,49,0,0,0,0
55,17,True,2026-05-21 08:06:09.317775654,1,48.434531566359816,0.4843453156635982,130,0,1,0,0
93,93,True,2026-05-21 09:31:45.339020373,1,86.475008882119,0.86475008882119,179,0,0,0,0
77,54,True,2026-05-21 09:50:31.372807594,0,2.443993710206205,0.024439937102062048,4,0,0,0,0
91,2,True,2026-05-21 11:17:07.019428925,1,22.902233092508776,0.22902233092508778,5,0,1,0,0
32,12,False,2026-05-21 11:29:04.382383608,0,2.713986897282259,0.02713986897282259,1,0,0,0,0
19,10,True,2026-05-21 12:22:25.003922715,1,45.71601952625775,0.4571601952625775,320,0,0,0,0
55,6,False,2026-05-21 14:34:08.001127260,0,3.527244338531685,0.03527244338531685,6,0,0,0,0
86,90,False,2026-05-21 16:11:20.571843920,0,4.337566213507936,0.04337566213507936,3,0,0,0,0
26,48,False,2026-05-21 16:29:57.086833585,0,4.301436324072745,0.04301436324072745,12,0,0,0,0
52,190,False,2026-05-21 17:07:08.976533848,0,0.20497955304057017,0.0020497955304057017,0,0,0,0,0
2,99,True,2026-05-21 17:50:03.174000281,1,44.50441941351089,0.4450441941351089,213,0,0,0,0
97,82,False,2026-05-21 18:43:47.572165012,0,0.38106842390099427,0.003810684239009943,0,0,0,0,0
94,181,True,2026-05-21 18:46:46.005749028,1,28.868722034917266,0.28868722034917266,29,0,1,0,0
76,155,True,2026-05-21 18:56:38.583913588,1,27.226069218698278,0.2722606921869828,130,0,0,0,0
9,62,True,2026-05-21 21:04:33.912003019,1,73.90681474354172,0.7390681474354172,46,0,0,0,0
55,179,False,2026-05-21 22:01:32.434937811,0,1.7838552354328019,0.01783855235432802,1,0,0,0,0
62,166,True,2026-05-21 22:12:19.012607731,0,1.444914521208998,0.014449145212089981,17,0,0,0,0
78,163,True,2026-05-22 02:32:02.944557858,1,13.591037643494824,0.13591037643494824,68,0,1,0,0
94,149,True,2026-05-22 03:50:35.097061096,1,52.50844272270305,0.5250844272270305,74,1,0,0,0
60,23,True,2026-05-22 04:21:05.456475993,1,51.79291841047744,0.5179291841047744,84,0,0,0,0
67,90,True,2026-05-22 04:59:15.416177320,0,2.4949363188739997,0.024949363188739998,2,0,0,0,0
63,199,True,2026-05-22 05:02:37.237642099,1,50.76401541772731,0.507640154177273,118,0,0,0,0
37,135,True,2026-05-22 05:07:33.128684932,1,40.63873968373052,0.4063873968373052,36,0,0,0,0
93,19,False,2026-05-22 05:37:19.773220059,0,0.9537520156169061,0.009537520156169061,3,0,0,0,0
77,69,True,2026-05-22 06:12:07.990271956,1,25.98501595511132,0.2598501595511132,107,0,0,0,0
11,32,False,2026-05-22 06:22:02.115491416,0,3.9274571660713438,0.039274571660713437,43,0,0,0,0
94,149,True,2026-05-22 06:37:28.317066841,1,31.90636943726963,0.31906369437269627,44,0,0,0,0
89,67,True,2026-05-22 08:03:24.382109113,1,47.547374662470226,0.47547374662470226,253,0,0,0,0
93,151,True,2026-05-22 09:04:11.579000479,1,35.83707691262703,0.35837076912627036,84,0,1,0,0
34,82,False,2026-05-22 11:18:15.284200123,1,31.928428292401602,0.319284282924016,25,0,0,0,0
67,68,False,2026-05-22 13:10:17.917770371,0,2.2817412053512376,0.022817412053512377,70,0,0,0,0
90,137,True,2026-05-22 13:39:00.866211315,0,1.5177045399864948,0.015177045399864947,1,0,0,0,0
98,41,True,2026-05-22 14:02:35.375985680,1,68.06929875511857,0.6806929875511857,440,0,0,0,0
78,90,False,2026-05-22 14:55:48.874929979,0,4.521551859936368,0.04521551859936368,3,0,0,0,0
19,16,False,2026-05-22 15:21:49.565079834,0,3.1638537059843603,0.031638537059843604,18,0,0,0,0
25,69,True,2026-05-22 15:38:30.744899364,1,29.776517447751992,0.29776517447751993,122,0,0,0,0
32,6,True,2026-05-22 16:27:58.352354947,1,62.90056062821206,0.6290056062821207,119,1,0,0,0
94,88,False,2026-05-22 19:04:45.303025825,0,1.823695147198943,0.01823695147198943,13,0,0,0,0
97,6,False,2026-05-22 19:05:55.230434594,1,48.395144283787786,0.48395144283787783,91,1,0,0,0
50,138,True,2026-05-22 19:25:36.240359459,1,39.88246062334957,0.39882460623349575,18,0,1,0,0
80,27,False,2026-05-22 19:33:37.317444188,0,2.85972681203501,0.0285972681203501,7,0,0,0,0
15,111,True,2026-05-22 22:26:41.802147472,1,73.4981839323911,0.734981839323911,138,0,0,0,0
93,185,False,2026-05-22 23:26:27.564944504,0,3.971831992111173,0.03971831992111173,7,0,0,0,0
3,90,False,2026-05-22 23:44:32.358322198,0,1.5258475102266533,0.015258475102266534,1,0,0,0,0
31,197,True,2026-05-22 23:45:18.972809037,1,20.326826555463885,0.20326826555463887,35,0,0,0,0
16,31,True,2026-05-23 00:04:40.445520544,1,55.690256345213754,0.5569025634521375,60,0,0,0,0
93,165,True,2026-05-23 00:18:00.832470949,1,47.78098725108667,0.4778098725108667,197,0,0,0,0
35,54,True,2026-05-23 01:36:21.926463373,1,76.2904796024237,0.762904796024237,151,0,0,0,0
95,197,True,2026-05-23 01:51:31.095084703,1,66.04965202870846,0.6604965202870846,115,0,0,0,0
90,86,False,2026-05-23 02:31:36.358342397,1,45.08630210431764,0.4508630210431764,246,0,0,0,0
77,4,False,2026-05-23 02:40:34.546125103,0,1.0656855215322754,0.010656855215322752,1,0,0,0,0
25,6,False,2026-05-23 03:29:43.618076202,0,2.218676812793023,0.02218676812793023,4,0,0,0,0
26,69,True,2026-05-23 03:32:20.231781091,1,80.84397250022582,0.8084397250022581,333,0,0,0,0
50,137,False,2026-05-23 04:55:19.106016585,0,0.9688439744561289,0.00968843974456129,0,0,0,0,0
55,175,False,2026-05-23 04:57:49.317651284,0,4.598108513205044,0.04598108513205044,13,0,0,0,0
5,117,True,2026-05-23 05:31:39.369423005,1,26.874334616344587,0.26874334616344586,61,0,0,0,0
50,140,True,2026-05-23 05:45:33.904386224,1,45.20308473882449,0.45203084738824484,31,0,0,0,0
7,96,True,2026-05-23 06:36:39.492687130,1,81.62716002875868,0.8162716002875868,101,1,0,0,0
77,156,True,2026-05-23 07:16:19.622794082,1,39.87158179100489,0.39871581791004895,52,0,0,0,0
34,82,True,2026-05-23 07:22:32.582108596,1,34.063023144951345,0.34063023144951343,26,1,0,0,0
72,47,True,2026-05-23 08:02:13.295505862,1,50.55525209146625,0.5055525209146625,73,0,0,0,0
6,170,False,2026-05-23 09:09:57.988822322,0,0.035872191752269196,0.00035872191752269193,0,0,0,0,0
93,166,False,2026-05-23 09:21:27.099740176,0,4.493702725429891,0.04493702725429891,55,0,0,0,0
2,2,False,2026-05-23 10:50:31.632197020,0,1.475780194109193,0.014757801941091931,0,0,0,0,0
27,189,True,2026-05-23 11:15:53.099930283,1,76.45440347639763,0.7645440347639764,40,0,0,0,0
80,47,True,2026-05-23 13:27:09.888592852,1,45.34257193137125,0.4534257193137125,66,0,0,0,0
77,69,True,2026-05-23 13:28:09.771523138,1,43.14275751330823,0.43142757513308233,178,0,0,0,0
68,43,True,2026-05-23 15:39:37.267475733,0,1.9018946851923666,0.019018946851923665,12,0,0,0,0
50,149,False,2026-05-23 15:43:14.463842787,0,0.47233058969116565,0.004723305896911657,0,0,0,0,0
94,59,True,2026-05-23 17:11:06.098449306,1,69.90350745035934,0.6990350745035935,265,0,0,0,0
79,6,False,2026-05-23 17:22:19.032137846,1,45.10884855430347,0.4510884855430347,85,1,0,0,0
88,170,True,2026-05-23 17:45:38.080863659,1,38.40280663243785,0.3840280663243785,79,0,1,0,0
6,6,True,2026-05-23 17:46:54.664859357,1,70.82064742037178,0.7082064742037179,134,0,1,0,0
32,166,False,2026-05-23 18:21:50.763007842,0,2.4977271166185773,0.024977271166185772,30,0,0,0,0
94,38,True,2026-05-23 19:44:08.327168220,1,87.37252847839639,0.8737252847839638,138,0,0,0,0
89,60,False,2026-05-23 20:37:56.189368651,0,3.466813075873551,0.03466813075873551,10,0,0,0,0
94,170,True,2026-05-23 20:50:39.689131548,1,63.968007987363784,0.6396800798736378,133,0,0,0,0
99,112,True,2026-05-23 20:58:43.011956345,1,86.54854537604774,0.8654854537604774,181,0,0,0,0
94,120,False,2026-05-23 21:05:06.381760729,0,2.439267511831561,0.02439267511831561,5,0,0,0,0
36,40,True,2026-05-23 21:59:57.565596214,1,51.69373482989693,0.5169373482989693,331,0,1,0,0
26,84,True,2026-05-23 22:09:38.305191942,1,76.58971866910382,0.7658971866910381,186,0,0,0,0
31,148,True,2026-05-23 22:21:03.695385683,1,42.97838665944731,0.4297838665944731,18,0,0,0,0
79,106,True,2026-05-23 22:31:20.638582659,1,32.62406312982928,0.3262406312982928,9,0,0,0,0
55,119,False,2026-05-23 22:34:01.061072486,0,2.2533356030336567,0.022533356030336568,2,0,0,0,0
99,81,False,2026-05-23 23:02:33.320472086,0,2.002226132259424,0.020022261322594243,3,0,0,0,0
64,186,True,2026-05-23 23:03:14.866625292,1,75.7656860716502,0.757656860716502,203,0,0,0,0
17,82,True,2026-05-23 23:05:16.982471920,1,23.693311984039482,0.2369331198403948,18,0,0,0,0
18,171,True,2026-05-23 23:50:42.661828368,1,74.49197223878299,0.7449197223878299,408,0,0,0,0
15,175,False,2026-05-24 00:26:20.968579751,0,3.83336242668077,0.0383336242668077,11,0,0,0,0
96,166,False,2026-05-24 00:39:51.236137396,0,1.971703965471615,0.01971703965471615,24,0,0,0,0
13,78,False,2026-05-24 00:51:56.526266591,0,3.4673078953158374,0.034673078953158375,30,0,0,0,0
50,73,True,2026-05-24 01:30:54.138991786,1,10.903556890835828,0.10903556890835828,14,0,1,0,0
93,171,True,2026-05-24 01:37:43.058137465,1,94.1731154507811,0.941731154507811,516,0,0,1,1
47,10,True,2026-05-24 03:41:57.509552085,1,66.52714368569129,0.6652714368569128,465,0,0,0,0
21,78,True,2026-05-24 04:26:11.187554855,1,48.67722044661739,0.4867722044661739,423,0,0,0,0
94,170,True,2026-05-24 05:14:59.879104102,1,85.10007827741852,0.8510007827741852,177,0,0,0,0
94,86,True,2026-05-24 06:08:30.786470303,1,51.482482261321685,0.5148248226132168,281,0,0,0,0
46,175,True,2026-05-24 06:36:36.140366231,1,61.675572762024245,0.6167557276202424,183,0,1,0,0
80,120,True,2026-05-24 06:44:25.543498674,0,3.241094679869627,0.03241094679869627,7,0,0,0,0
88,170,True,2026-05-24 06:46:50.037534776,1,64.72596117749217,0.6472596117749216,134,1,0,1,0
9,182,True,2026-05-24 07:04:09.336304484,1,68.63765627680002,0.6863765627680002,297,0,0,0,0
